epoch,loss,r_squared,val_loss,val_r_squared
0,8.334421157836914,-0.07815151661634445,6.48631477355957,0.1529100090265274
1,5.111012935638428,0.3389458954334259,3.8315775394439697,0.4989638328552246
2,4.247254848480225,0.4495277404785156,3.65726375579834,0.5216682553291321
3,4.070864677429199,0.47156795859336853,3.5146145820617676,0.5403110384941101
4,3.9348411560058594,0.4893008768558502,3.371561050415039,0.5589985847473145
5,3.8035542964935303,0.5068085193634033,3.2133824825286865,0.5796636343002319
6,3.6557278633117676,0.5260844230651855,3.0643081665039062,0.5991724133491516
7,3.498155117034912,0.5464625358581543,2.865443468093872,0.6251850128173828
8,3.315239429473877,0.5704252123832703,2.6343204975128174,0.6554583311080933
9,3.086160898208618,0.6000017523765564,2.3363335132598877,0.6945024132728577
10,2.8219118118286133,0.6345521807670593,1.9902592897415161,0.7398347854614258
11,2.55039119720459,0.6695119142532349,1.7030507326126099,0.7774409055709839
12,2.3247666358947754,0.6986355781555176,1.4767260551452637,0.8070380091667175
13,2.1516222953796387,0.7210920453071594,1.32672917842865,0.8266280293464661
14,2.0189671516418457,0.7381412982940674,1.1991417407989502,0.8432928919792175
15,1.9158612489700317,0.751639187335968,1.1241507530212402,0.8530799746513367
16,1.8377605676651,0.7618526220321655,1.032496452331543,0.8650467991828918
17,1.7691504955291748,0.7705899477005005,0.9664869904518127,0.873669445514679
18,1.7059050798416138,0.7789969444274902,0.9192342162132263,0.8798535466194153
19,1.6596804857254028,0.7846879363059998,0.9031155109405518,0.8819692730903625
20,1.6108856201171875,0.7910537719726562,0.8504031896591187,0.8888574838638306
21,1.566784143447876,0.7968547940254211,0.8094307780265808,0.894213080406189
22,1.5251715183258057,0.8022762537002563,0.7754857540130615,0.8986536264419556
23,1.4822741746902466,0.8077002167701721,0.7774484157562256,0.8984007835388184
24,1.449770212173462,0.8121600151062012,0.7342777252197266,0.9040417671203613
25,1.4154860973358154,0.816541850566864,0.7056591510772705,0.9077819585800171
26,1.3914841413497925,0.8196282982826233,0.6997116804122925,0.9085686802864075
27,1.3637083768844604,0.8230924010276794,0.7015411853790283,0.9083259701728821
28,1.3272416591644287,0.8280603885650635,0.6765462160110474,0.9115894436836243
29,1.306954026222229,0.8304072618484497,0.6218100786209106,0.9187480807304382
30,1.279163122177124,0.8342233300209045,0.6513473987579346,0.9148992300033569
31,1.265149712562561,0.8359923362731934,0.6162081956863403,0.9194920659065247
32,1.2420669794082642,0.8387855887413025,0.6044445037841797,0.9210201501846313
33,1.2190189361572266,0.8420160412788391,0.5925450921058655,0.9225801229476929
34,1.1943647861480713,0.8452352285385132,0.5592883229255676,0.9269348382949829
35,1.183056354522705,0.8464646339416504,0.5720004439353943,0.925268828868866
36,1.1663932800292969,0.8488075733184814,0.5303119421005249,0.9307113885879517
37,1.1437968015670776,0.8517556190490723,0.5251926183700562,0.9313901662826538
38,1.1309319734573364,0.8534399271011353,0.5533214807510376,0.9277225732803345
39,1.1123206615447998,0.8557893633842468,0.49542146921157837,0.9352884292602539
40,1.1026606559753418,0.8568764925003052,0.5095229744911194,0.9334484934806824
41,1.0826767683029175,0.8596736788749695,0.506708562374115,0.9338210821151733
42,1.075117826461792,0.8606619834899902,0.4715443551540375,0.9384134411811829
43,1.0636391639709473,0.8621518015861511,0.47861456871032715,0.9374818801879883
44,1.0503425598144531,0.8637328147888184,0.45664989948272705,0.9403414726257324
45,1.0441354513168335,0.8646146059036255,0.4764679968357086,0.9377630352973938
46,1.0223872661590576,0.8674781918525696,0.46813496947288513,0.9388502240180969
47,1.011862874031067,0.8687453269958496,0.4608836770057678,0.9398016929626465
48,1.001712679862976,0.8701030611991882,0.44257307052612305,0.9421902894973755
49,0.9958990812301636,0.8708089590072632,0.4266914427280426,0.9442697763442993
50,0.9837701916694641,0.8723589181900024,0.451752245426178,0.941000759601593
51,0.9739515781402588,0.8736796975135803,0.4057162404060364,0.9469925761222839
52,0.965995728969574,0.8747050762176514,0.4344240725040436,0.9432471990585327
53,0.9571290612220764,0.8758838176727295,0.41810113191604614,0.9453811645507812
54,0.9436535835266113,0.8776877522468567,0.4115051031112671,0.9462488889694214
55,0.9391895532608032,0.8782185912132263,0.41446274518966675,0.9458614587783813
56,0.9256017804145813,0.8799197673797607,0.4234963357448578,0.9446890950202942
57,0.9196667671203613,0.8807607889175415,0.40206554532051086,0.9474886059761047
58,0.9098110795021057,0.8820844888687134,0.41048556566238403,0.9463865160942078
59,0.8977285027503967,0.8836499452590942,0.3989132344722748,0.9479026794433594
60,0.8925915956497192,0.8842648863792419,0.40466880798339844,0.9471519589424133
61,0.8824386596679688,0.8855844736099243,0.4055873453617096,0.9470154047012329
62,0.8785593509674072,0.8860902190208435,0.41103053092956543,0.9463092088699341
63,0.8797901272773743,0.8859973549842834,0.372978538274765,0.9512885212898254
64,0.8653406500816345,0.8878026008605957,0.39020249247550964,0.9490377306938171
65,0.8600280284881592,0.8885407447814941,0.3704018294811249,0.9516094326972961
66,0.8494083285331726,0.8898880481719971,0.36074337363243103,0.9528909921646118
67,0.8511365056037903,0.8896509408950806,0.3744691014289856,0.9510965347290039
68,0.8399639129638672,0.8910801410675049,0.3728531002998352,0.9513030052185059
69,0.8303430676460266,0.8922263979911804,0.3654326796531677,0.9522644877433777
70,0.8259419202804565,0.8929339051246643,0.3959938883781433,0.9482898712158203
71,0.8195287585258484,0.8937427401542664,0.35932743549346924,0.9530644416809082
72,0.8196960091590881,0.8936976194381714,0.3502355217933655,0.9542523622512817
73,0.8085584044456482,0.8951590657234192,0.3750404715538025,0.9510137438774109
74,0.8048431277275085,0.8956816792488098,0.37811797857284546,0.9506033062934875
75,0.8011526465415955,0.8960000872612,0.3859459459781647,0.9495872259140015
76,0.7961151599884033,0.8968213796615601,0.36709776520729065,0.9520463943481445
77,0.7891491651535034,0.8977293968200684,0.3385389447212219,0.9557790756225586
78,0.7910799980163574,0.8974409699440002,0.3533734083175659,0.9538323283195496
79,0.7845107316970825,0.898291826248169,0.3619432747364044,0.9527130126953125
80,0.7743373513221741,0.8996191620826721,0.34959354996681213,0.954327404499054
81,0.7691439390182495,0.9002593159675598,0.34361663460731506,0.9551061391830444
82,0.7728927135467529,0.8997833728790283,0.36057138442993164,0.9529093503952026
83,0.7605069279670715,0.9013125896453857,0.33888792991638184,0.9557501077651978
84,0.7623109221458435,0.9010405540466309,0.3495352268218994,0.9543541669845581
85,0.7554081678390503,0.9020354747772217,0.3698986768722534,0.9516869783401489
86,0.7511597275733948,0.9025238156318665,0.3269768953323364,0.9572943449020386
87,0.7481405138969421,0.9030588865280151,0.3297612965106964,0.9569238424301147
88,0.7444537878036499,0.9033688902854919,0.3394309878349304,0.955661952495575
89,0.7329028844833374,0.9049521088600159,0.3457516133785248,0.9548324346542358
90,0.7290125489234924,0.9055436849594116,0.3590741753578186,0.9530879855155945
91,0.7302054762840271,0.9052338004112244,0.33279845118522644,0.9565238952636719
92,0.7216299772262573,0.9064156413078308,0.3471309542655945,0.9546585083007812
93,0.721291720867157,0.9064065217971802,0.36850523948669434,0.9518653750419617
94,0.717435359954834,0.9068503379821777,0.34831804037094116,0.954497218132019
95,0.7146023511886597,0.9073449373245239,0.35387495160102844,0.9537796974182129
96,0.7053530812263489,0.9085081815719604,0.3371375501155853,0.9559587240219116
97,0.702120304107666,0.9089938998222351,0.34790322184562683,0.9545537829399109
98,0.7039844393730164,0.9086894989013672,0.3326648771762848,0.9565339088439941
99,0.695277750492096,0.9098186492919922,0.3362570106983185,0.9560621380805969
100,0.6941473484039307,0.9100080728530884,0.32168594002723694,0.9579655528068542
101,0.6967356204986572,0.9096652865409851,0.34411904215812683,0.9550501704216003
102,0.6923128366470337,0.9102309346199036,0.3029850721359253,0.9604212641716003
103,0.6835581660270691,0.9114286303520203,0.3223315477371216,0.9578834772109985
104,0.679737389087677,0.9117398262023926,0.32589322328567505,0.9574185609817505
105,0.6760855913162231,0.9122955203056335,0.3076082468032837,0.9598084688186646
106,0.6780998110771179,0.9120683073997498,0.32722797989845276,0.9572494626045227
107,0.6694718599319458,0.913180410861969,0.32662779092788696,0.9573291540145874
108,0.6631786823272705,0.9140174388885498,0.36446279287338257,0.9523972272872925
109,0.6664127111434937,0.9135922789573669,0.33375224471092224,0.9563932418823242
110,0.6628432273864746,0.914027750492096,0.3316428065299988,0.9566740989685059
111,0.6622052788734436,0.9140868186950684,0.32392457127571106,0.9576869010925293
112,0.6539931893348694,0.9151911735534668,0.3326680362224579,0.9565410614013672
113,0.6507653594017029,0.9156257510185242,0.3148735463619232,0.9588605761528015
114,0.6538962721824646,0.9151181578636169,0.316921591758728,0.9585903286933899
115,0.6498737931251526,0.9156859517097473,0.32612335681915283,0.9573831558227539
116,0.6410269737243652,0.9168537259101868,0.30819112062454224,0.9597285389900208
117,0.6451950073242188,0.9163526296615601,0.3270738422870636,0.9572561979293823
118,0.6460862755775452,0.9163020253181458,0.3158141076564789,0.9587310552597046
119,0.6357766389846802,0.917607843875885,0.31168898940086365,0.9592841863632202
120,0.62947016954422,0.9183689951896667,0.31400713324546814,0.9589751958847046
121,0.6345783472061157,0.9175817370414734,0.3083740770816803,0.959696888923645
122,0.6306246519088745,0.9182076454162598,0.29804566502571106,0.9610424041748047
123,0.6304420828819275,0.9182486534118652,0.32913312315940857,0.9569896459579468
124,0.6252031326293945,0.9189252257347107,0.3099921643733978,0.9595003128051758
125,0.6251842379570007,0.9189431071281433,0.28984981775283813,0.9621230363845825
126,0.6200566291809082,0.9195757508277893,0.29442813992500305,0.9615277051925659
127,0.6179278492927551,0.919900119304657,0.29866960644721985,0.9609733819961548
128,0.6155703663825989,0.9201949238777161,0.3215853273868561,0.9579858779907227
129,0.6185387969017029,0.919765055179596,0.3047870993614197,0.9601848721504211
130,0.6105647683143616,0.9207494854927063,0.3137022852897644,0.9590059518814087
131,0.6085370182991028,0.9210454225540161,0.3106471002101898,0.9594090580940247
132,0.6063753962516785,0.9214299917221069,0.3038375675678253,0.9603008031845093
133,0.6039179563522339,0.9216876029968262,0.2924426198005676,0.9617875814437866
134,0.5989492535591125,0.9222957491874695,0.32105961441993713,0.9580540657043457
135,0.5996736288070679,0.9222422242164612,0.3014708459377289,0.9606062769889832
136,0.6004589200019836,0.9221259951591492,0.32582899928092957,0.9574249982833862
137,0.5949945449829102,0.9228399395942688,0.3098134994506836,0.9595301747322083
138,0.5866733193397522,0.9239603281021118,0.317385196685791,0.9585404396057129
139,0.5967161655426025,0.9225873351097107,0.287521094083786,0.9624274373054504
140,0.5929402112960815,0.9230241179466248,0.31197112798690796,0.9592386484146118
141,0.591819167137146,0.9232892394065857,0.2854692041873932,0.962692379951477
142,0.5860498547554016,0.9239879250526428,0.27801913022994995,0.9636579751968384
143,0.5802845358848572,0.9247555136680603,0.30692020058631897,0.9598913192749023
144,0.5855904221534729,0.9240716695785522,0.2810596525669098,0.9632741212844849
145,0.5803321599960327,0.9247884154319763,0.2988881766796112,0.960950493812561
146,0.5776407718658447,0.9250996112823486,0.2984265387058258,0.961020827293396
147,0.5801177024841309,0.9247586131095886,0.3073955178260803,0.9598361849784851
148,0.5763273239135742,0.9253038167953491,0.2840942144393921,0.96287602186203
149,0.5743351578712463,0.9255602955818176,0.3048194944858551,0.9601625204086304
150,0.5714450478553772,0.9259066581726074,0.3063924014568329,0.959957480430603
151,0.5702252984046936,0.9260652661323547,0.2879370450973511,0.9623773694038391
152,0.5672919154167175,0.9264309406280518,0.3157027065753937,0.9587498903274536
153,0.5674207806587219,0.9262992739677429,0.2775242328643799,0.9637342691421509
154,0.5669520497322083,0.9264693856239319,0.30362096428871155,0.9603246450424194
155,0.5611073970794678,0.9272615313529968,0.2841580808162689,0.9628704786300659
156,0.561241865158081,0.9272164702415466,0.28580883145332336,0.9626437425613403
157,0.5616399645805359,0.9271818399429321,0.2714230716228485,0.9645200967788696
158,0.5583973526954651,0.927581787109375,0.2816925346851349,0.9631853103637695
159,0.5550765991210938,0.9280505180358887,0.27195224165916443,0.9644560813903809
160,0.5557449460029602,0.9279672503471375,0.2823948264122009,0.9630853533744812
161,0.5555250644683838,0.9279383420944214,0.28616559505462646,0.9626011848449707
162,0.5518413782119751,0.9284250140190125,0.28829169273376465,0.9623273015022278
163,0.5523181557655334,0.9283159971237183,0.2705969512462616,0.9646351933479309
164,0.5489685535430908,0.9288749694824219,0.28003793954849243,0.9634121656417847
165,0.5467430949211121,0.9290763735771179,0.2708474397659302,0.9646045565605164
166,0.5489650964736938,0.9288125038146973,0.28106051683425903,0.9632697105407715
167,0.5468419790267944,0.9291032552719116,0.2723011076450348,0.9644008874893188
168,0.5432355403900146,0.9295143485069275,0.27675968408584595,0.9638105630874634
169,0.5392611026763916,0.9300095438957214,0.29032236337661743,0.9620486497879028
170,0.5406205654144287,0.9299603700637817,0.24960331618785858,0.9673837423324585
171,0.5364585518836975,0.9304308891296387,0.286017507314682,0.9626450538635254
172,0.5345649123191833,0.9306139945983887,0.25933682918548584,0.9661151766777039
173,0.5401588678359985,0.9299944043159485,0.2582203149795532,0.9662476778030396
174,0.5340599417686462,0.930749773979187,0.2574302852153778,0.9663480520248413
175,0.5339183807373047,0.930732250213623,0.30111387372016907,0.960650622844696
176,0.5273358821868896,0.9316457509994507,0.24544894695281982,0.9679163098335266
177,0.5325661301612854,0.9309489727020264,0.2513045370578766,0.9671452641487122
178,0.5265415906906128,0.9317336082458496,0.2858665883541107,0.962631106376648
179,0.529913067817688,0.9312375783920288,0.2719365060329437,0.9644416570663452
180,0.5256848335266113,0.931819498538971,0.2515260875225067,0.9671272039413452
181,0.5225236415863037,0.9322047829627991,0.25532200932502747,0.9666324853897095
182,0.5223089456558228,0.9322835803031921,0.2407931387424469,0.9685287475585938
183,0.5187815427780151,0.9327244162559509,0.25526055693626404,0.966640293598175
184,0.5222268104553223,0.9323137998580933,0.2543812394142151,0.9667539596557617
185,0.5201048851013184,0.9325536489486694,0.2783653438091278,0.9636178016662598
186,0.5123270750045776,0.9335101246833801,0.25717777013778687,0.9663942456245422
187,0.5128844380378723,0.9334554076194763,0.22976449131965637,0.9699727296829224
188,0.5142925977706909,0.9333266019821167,0.23749862611293793,0.9689539670944214
189,0.5174832940101624,0.9329091310501099,0.2479737401008606,0.967585563659668
190,0.511387050151825,0.9336734414100647,0.2504596710205078,0.9672573804855347
191,0.5113024115562439,0.9337456226348877,0.24652738869190216,0.9677653312683105
192,0.5107424259185791,0.9337260723114014,0.25496745109558105,0.9666787981987
193,0.5090216994285583,0.934040367603302,0.24511194229125977,0.9679641723632812
194,0.509864866733551,0.9338492155075073,0.2524872124195099,0.9669946432113647
195,0.5068946480751038,0.9342761039733887,0.2614768147468567,0.9658242464065552
196,0.5064680576324463,0.9343034029006958,0.24394625425338745,0.9681094884872437
197,0.5047518014907837,0.9345283508300781,0.22537225484848022,0.9705451726913452
198,0.4983394742012024,0.9353887438774109,0.2556021213531494,0.9665835499763489
199,0.5038853883743286,0.9347148537635803,0.23142579197883606,0.9697415232658386
200,0.5038812756538391,0.9346774220466614,0.2580229640007019,0.9662755727767944
201,0.5021132826805115,0.934877872467041,0.2365967333316803,0.9690731763839722
202,0.49722036719322205,0.9355087280273438,0.24728848040103912,0.9676783680915833
203,0.49915942549705505,0.9353364706039429,0.2278328686952591,0.9702156186103821
204,0.4909070134162903,0.9362717866897583,0.26196426153182983,0.96575528383255
205,0.4939911365509033,0.9359591603279114,0.21012207865715027,0.9725291132926941
206,0.49594926834106445,0.9357250332832336,0.23489511013031006,0.9692943692207336
207,0.4856848418712616,0.9369571208953857,0.24153989553451538,0.9684191942214966
208,0.4926338791847229,0.9361409544944763,0.256825715303421,0.9664198160171509
209,0.49267083406448364,0.936056911945343,0.240594744682312,0.9685397148132324
210,0.4867933988571167,0.9368541836738586,0.2311740517616272,0.9697781801223755
211,0.4891347885131836,0.9365928769111633,0.2357860654592514,0.9691787958145142
212,0.4884769916534424,0.9366194009780884,0.24592693150043488,0.9678453207015991
213,0.48648738861083984,0.9369249939918518,0.24338190257549286,0.9681918025016785
214,0.48463258147239685,0.9371640086174011,0.23674267530441284,0.9690569043159485
215,0.48516663908958435,0.9370932579040527,0.22220617532730103,0.9709457159042358
216,0.4829220473766327,0.9373363852500916,0.22084687650203705,0.9711297750473022
217,0.4786224961280823,0.937951922416687,0.2447296679019928,0.9679959416389465
218,0.4789542555809021,0.9378730654716492,0.24233777821063995,0.9683141708374023
219,0.4820799231529236,0.9375070333480835,0.2246987223625183,0.970617949962616
220,0.47900640964508057,0.937913715839386,0.23535199463367462,0.9692136645317078
221,0.4807558059692383,0.9376458525657654,0.22304575145244598,0.9708267450332642
222,0.4831973612308502,0.9373583793640137,0.23779773712158203,0.9689078330993652
223,0.4813220202922821,0.9376401305198669,0.23303312063217163,0.9695318341255188
224,0.4771972596645355,0.9381534457206726,0.22682781517505646,0.9703319668769836
225,0.47466039657592773,0.9384693503379822,0.22709736227989197,0.9703031778335571
226,0.47513386607170105,0.938376784324646,0.22111114859580994,0.9710966348648071
227,0.4724034070968628,0.9386976957321167,0.21830356121063232,0.9714624285697937
228,0.473224937915802,0.9386759400367737,0.21941238641738892,0.9713312983512878
229,0.470581978559494,0.9390254616737366,0.22904717922210693,0.970079779624939
230,0.4730587601661682,0.9386293292045593,0.21547631919384003,0.971841037273407
231,0.4652368426322937,0.9396469593048096,0.21009711921215057,0.9725322723388672
232,0.4687386155128479,0.939182460308075,0.21042947471141815,0.9724968075752258
233,0.4656253457069397,0.9396116137504578,0.22204375267028809,0.9709790945053101
234,0.4738045930862427,0.9385693073272705,0.19839701056480408,0.9740656614303589
235,0.4635005593299866,0.9399065971374512,0.21948084235191345,0.9713007807731628
236,0.47095438838005066,0.9389187693595886,0.20805631577968597,0.9727975726127625
237,0.46818339824676514,0.9392571449279785,0.2437806874513626,0.9681344032287598
238,0.46468111872673035,0.9397368431091309,0.22226333618164062,0.9709550738334656
239,0.4644017219543457,0.9397318959236145,0.1870831549167633,0.9755374193191528
240,0.46066033840179443,0.9402684569358826,0.20750005543231964,0.9728761911392212
241,0.4666033983230591,0.9395115375518799,0.19501818716526031,0.9745068550109863
242,0.46390870213508606,0.9398259520530701,0.20360787212848663,0.9733824729919434
243,0.4659096300601959,0.939537525177002,0.21088097989559174,0.9724278450012207
244,0.45887088775634766,0.9405477643013,0.20179127156734467,0.9736230969429016
245,0.463134229183197,0.9399530291557312,0.2123006135225296,0.9722424745559692
246,0.457943320274353,0.9406173825263977,0.2084294557571411,0.9727548360824585
247,0.45871588587760925,0.9404928088188171,0.20946986973285675,0.9726188778877258
248,0.4618533253669739,0.9401229023933411,0.2137102484703064,0.9720574617385864
249,0.45501312613487244,0.9410051107406616,0.19923482835292816,0.9739452600479126
250,0.45670413970947266,0.940801203250885,0.20737972855567932,0.9728903770446777
251,0.4522775709629059,0.9413848519325256,0.19954346120357513,0.9739190340042114
252,0.45538821816444397,0.9409521818161011,0.19789528846740723,0.974133312702179
253,0.4547811448574066,0.9409690499305725,0.2011570781469345,0.9737030863761902
254,0.4514565169811249,0.9415415525436401,0.20059539377689362,0.973777174949646
255,0.4529321789741516,0.9412862658500671,0.1949174851179123,0.9745192527770996
256,0.44683560729026794,0.9420773386955261,0.2087756097316742,0.9727070927619934
257,0.4501386284828186,0.9416514039039612,0.19916625320911407,0.9739630818367004
258,0.4509752690792084,0.9414970874786377,0.19433768093585968,0.974591851234436
259,0.4510705769062042,0.941530704498291,0.20141953229904175,0.9736617803573608
260,0.44905927777290344,0.941760241985321,0.19018112123012543,0.9751361608505249
261,0.44550246000289917,0.9422280192375183,0.1901385635137558,0.975141167640686
262,0.4474447965621948,0.9419862031936646,0.19830086827278137,0.9740737676620483
263,0.4487801790237427,0.9418530464172363,0.19636087119579315,0.9743250608444214
264,0.4407093822956085,0.9428703188896179,0.19410622119903564,0.9746167063713074
265,0.44719114899635315,0.9420340657234192,0.197501540184021,0.9741798639297485
266,0.44432833790779114,0.9424499869346619,0.19158698618412018,0.9749656915664673
267,0.44234395027160645,0.942692220211029,0.1775919497013092,0.9767853617668152
268,0.4439644515514374,0.9423856139183044,0.19509002566337585,0.9744928479194641
269,0.44444739818573,0.9423817992210388,0.18583613634109497,0.9757021069526672
270,0.4423280954360962,0.9426915049552917,0.20189489424228668,0.973595142364502
271,0.4402482807636261,0.942901611328125,0.1886596381664276,0.975337028503418
272,0.44095391035079956,0.9428771138191223,0.18954358994960785,0.9752217531204224
273,0.4414990544319153,0.9427505135536194,0.18533027172088623,0.9757746458053589
274,0.44127777218818665,0.942786455154419,0.1904703974723816,0.9751019477844238
275,0.4429636299610138,0.9425640106201172,0.18954496085643768,0.9752198457717896
276,0.43929561972618103,0.9430420398712158,0.2078973352909088,0.97282874584198
277,0.43860748410224915,0.9430881142616272,0.1862780898809433,0.9756474494934082
278,0.4434961676597595,0.9425185322761536,0.18579305708408356,0.9757043719291687
279,0.4371638000011444,0.9433115720748901,0.17893269658088684,0.9766035079956055
280,0.4353346824645996,0.943575918674469,0.18877607583999634,0.9753245115280151
281,0.43422937393188477,0.9436381459236145,0.17245428264141083,0.9774612188339233
282,0.4341709017753601,0.9436675906181335,0.1782160848379135,0.9767042398452759
283,0.43578070402145386,0.943528950214386,0.17331570386886597,0.9773435592651367
284,0.4347522258758545,0.9435429573059082,0.19006431102752686,0.9751531481742859
285,0.43363630771636963,0.9437728524208069,0.18106405436992645,0.976335883140564
286,0.4312130808830261,0.9440686106681824,0.1628432273864746,0.9787161946296692
287,0.4357632100582123,0.9434974789619446,0.18176943063735962,0.9762426614761353
288,0.4353404939174652,0.9435195922851562,0.16635668277740479,0.9782558679580688
289,0.4320477843284607,0.9439547657966614,0.1940639168024063,0.9746252298355103
290,0.4317004680633545,0.944077730178833,0.18331094086170197,0.9760282635688782
291,0.4263239800930023,0.9446578025817871,0.17649772763252258,0.9769150614738464
292,0.4292469918727875,0.9443404674530029,0.1645505577325821,0.978487491607666
293,0.428344190120697,0.9444913268089294,0.18003661930561066,0.9764671325683594
294,0.4274543523788452,0.944547176361084,0.1817936897277832,0.9762331247329712
295,0.4242629408836365,0.944964587688446,0.18306419253349304,0.9760719537734985
296,0.42875513434410095,0.9444050192832947,0.17089812457561493,0.9776571393013
297,0.4296826124191284,0.9442464113235474,0.17504115402698517,0.9771169424057007
298,0.42848002910614014,0.9444217681884766,0.17566289007663727,0.9770313501358032
299,0.4264243245124817,0.9446771740913391,0.16909827291965485,0.977893054485321
300,0.4269842505455017,0.9446192383766174,0.180710107088089,0.9763781428337097
301,0.42199811339378357,0.9452269673347473,0.17414267361164093,0.9772289395332336
302,0.4234933853149414,0.9451187252998352,0.17101120948791504,0.9776361584663391
303,0.4262484610080719,0.9447370767593384,0.16649283468723297,0.9782368540763855
304,0.4237985908985138,0.9450114369392395,0.16645030677318573,0.9782518148422241
305,0.42258399724960327,0.9451850056648254,0.1710669845342636,0.9776390194892883
306,0.41875120997428894,0.9457129240036011,0.17342527210712433,0.9773281812667847
307,0.4226231575012207,0.9452832937240601,0.163059800863266,0.9786844253540039
308,0.42023780941963196,0.9454768300056458,0.17774663865566254,0.9767711758613586
309,0.4210631549358368,0.9454193115234375,0.17978663742542267,0.976499080657959
310,0.4196496605873108,0.9455161690711975,0.17058098316192627,0.9777048826217651
311,0.4173763394355774,0.9458126425743103,0.15819551050662994,0.9793329238891602
312,0.4204007685184479,0.945482075214386,0.16739113628864288,0.9781308174133301
313,0.4224466383457184,0.9452228546142578,0.15621870756149292,0.9795872569084167
314,0.4218842089176178,0.9452987313270569,0.1618369221687317,0.9788501858711243
315,0.4196813404560089,0.9455680847167969,0.15977831184864044,0.9791175723075867
316,0.41491633653640747,0.946190357208252,0.1626056283712387,0.9787544012069702
317,0.4184248447418213,0.9457084536552429,0.16794206202030182,0.9780529737472534
318,0.42176783084869385,0.9453073740005493,0.16368944942951202,0.9786155819892883
319,0.41345304250717163,0.9464281797409058,0.16550198197364807,0.9783795475959778
320,0.4159928858280182,0.9460840821266174,0.15588034689426422,0.9796307682991028
321,0.41463205218315125,0.9462286233901978,0.15943242609500885,0.9791601300239563
322,0.41927680373191833,0.9456448554992676,0.16146980226039886,0.9788966178894043
323,0.4169503152370453,0.9459172487258911,0.16752474009990692,0.9781051874160767
324,0.4162029027938843,0.9460044503211975,0.15840686857700348,0.9792958498001099
325,0.413356214761734,0.9463874697685242,0.1596270203590393,0.9791370630264282
326,0.4148958623409271,0.9461772441864014,0.15390589833259583,0.9798910021781921
327,0.4128533899784088,0.9464464783668518,0.16405463218688965,0.9785542488098145
328,0.4143742322921753,0.9462357759475708,0.15851688385009766,0.9792766571044922
329,0.4121536612510681,0.946571946144104,0.15192919969558716,0.9801429510116577
330,0.41168543696403503,0.9466004371643066,0.1563452184200287,0.9795578122138977
331,0.4137340188026428,0.9463754892349243,0.15205423533916473,0.9801253080368042
332,0.40921807289123535,0.9469606280326843,0.16625092923641205,0.9782713055610657
333,0.41056326031684875,0.9467726349830627,0.14886750280857086,0.9805390238761902
334,0.41111063957214355,0.9467151761054993,0.15650515258312225,0.9795359373092651
335,0.40612122416496277,0.9473052620887756,0.15659618377685547,0.9795295596122742
336,0.4093213379383087,0.9469271302223206,0.16210627555847168,0.9788094758987427
337,0.40999364852905273,0.9468382000923157,0.16024042665958405,0.979056179523468
338,0.407578706741333,0.9471162557601929,0.1567734032869339,0.9795072674751282
339,0.40992364287376404,0.9468358755111694,0.16250862181186676,0.9787561297416687
340,0.4076821208000183,0.9471436738967896,0.16159377992153168,0.9788829684257507
341,0.4073653817176819,0.9472087025642395,0.1489441990852356,0.980542004108429
342,0.4107702076435089,0.9466988444328308,0.14908723533153534,0.9805145263671875
343,0.4053351879119873,0.9473806619644165,0.15049399435520172,0.9803305864334106
344,0.40285855531692505,0.9477588534355164,0.15112212300300598,0.9802545309066772
345,0.4055691063404083,0.9474060535430908,0.16021281480789185,0.9790619611740112
346,0.40631648898124695,0.9473106265068054,0.14951594173908234,0.9804626703262329
347,0.40716707706451416,0.9471650123596191,0.15656231343746185,0.9795428514480591
348,0.40270647406578064,0.947787344455719,0.13743053376674652,0.9820401072502136
349,0.4004853367805481,0.9480631947517395,0.16098397970199585,0.9789665937423706
350,0.4067464768886566,0.9473037719726562,0.15811540186405182,0.9793366193771362
351,0.40448498725891113,0.9475809335708618,0.14051216840744019,0.9816357493400574
352,0.4016965627670288,0.9478905200958252,0.1570732295513153,0.9794758558273315
353,0.4018462002277374,0.9478434324264526,0.15256701409816742,0.9800634384155273
354,0.4035562574863434,0.9476869702339172,0.14864316582679749,0.9805766344070435
355,0.40304136276245117,0.9477429389953613,0.1496129184961319,0.980446994304657
356,0.39846014976501465,0.948357105255127,0.14587855339050293,0.9809330105781555
357,0.4005098342895508,0.9480636715888977,0.1428123265504837,0.9813353419303894
358,0.4023812413215637,0.9477406740188599,0.1491221934556961,0.9805176854133606
359,0.4027497470378876,0.9477490782737732,0.14375823736190796,0.9812188148498535
360,0.39880600571632385,0.9482531547546387,0.14712610840797424,0.980776309967041
361,0.3980761170387268,0.9484006762504578,0.13550692796707153,0.9822903871536255
362,0.39807695150375366,0.9484024047851562,0.14942553639411926,0.9804694056510925
363,0.4002269208431244,0.9480290412902832,0.15219072997570038,0.9801069498062134
364,0.39833518862724304,0.9483587145805359,0.1352538764476776,0.9823246002197266
365,0.4016789495944977,0.9478484988212585,0.1502004861831665,0.9803767204284668
366,0.3973792493343353,0.948453426361084,0.1584177315235138,0.9792979955673218
367,0.39871588349342346,0.9483084678649902,0.14663457870483398,0.9808380007743835
368,0.39329826831817627,0.9490059018135071,0.13347680866718292,0.9825506210327148
369,0.3980380892753601,0.9484180808067322,0.14467118680477142,0.9810927510261536
370,0.39902263879776,0.9482637643814087,0.1370733231306076,0.9820791482925415
371,0.3953082263469696,0.9487283825874329,0.14752553403377533,0.9807170629501343
372,0.39614713191986084,0.9486396312713623,0.14496803283691406,0.9810511469841003
373,0.39560553431510925,0.9486544728279114,0.14634612202644348,0.9808714985847473
374,0.3936852514743805,0.9490211606025696,0.1413256675004959,0.9815260767936707
375,0.39414602518081665,0.9488945007324219,0.1428326815366745,0.9813207387924194
376,0.3974389135837555,0.948416531085968,0.12797768414020538,0.9832670092582703
377,0.39311039447784424,0.9489601254463196,0.14751026034355164,0.980721652507782
378,0.39231935143470764,0.9490969777107239,0.13786891102790833,0.9819861650466919
379,0.39284875988960266,0.9491031169891357,0.13822823762893677,0.9819340705871582
380,0.3937544822692871,0.9489963054656982,0.13818010687828064,0.981939435005188
381,0.39293065667152405,0.94903165102005,0.14457006752490997,0.981102466583252
382,0.3894900977611542,0.9494941234588623,0.14533887803554535,0.9810038805007935
383,0.39474478363990784,0.9488611817359924,0.14112018048763275,0.9815523028373718
384,0.39156684279441833,0.9492173194885254,0.14320817589759827,0.9812809228897095
385,0.39352884888648987,0.9489446878433228,0.14047390222549438,0.9816403388977051
386,0.3905492424964905,0.9493175148963928,0.12880519032478333,0.9831582903862
387,0.39332202076911926,0.9489896893501282,0.13131137192249298,0.9828317761421204
388,0.3905077278614044,0.9493305683135986,0.1453733891248703,0.9809938669204712
389,0.3895121216773987,0.9494983553886414,0.13622790575027466,0.9821933507919312
390,0.3896138072013855,0.9495309591293335,0.12774227559566498,0.9833042025566101
391,0.3886451721191406,0.9496424794197083,0.13461285829544067,0.9824044108390808
392,0.38781335949897766,0.9496780037879944,0.1373738795518875,0.9820461273193359
393,0.3929716646671295,0.9490921497344971,0.13051338493824005,0.9829428791999817
394,0.3875180184841156,0.9496814608573914,0.12893778085708618,0.9831441640853882
395,0.3862638771533966,0.9499360918998718,0.13199475407600403,0.9827472567558289
396,0.3835338056087494,0.9502314329147339,0.1295752227306366,0.9830645322799683
397,0.3894011974334717,0.9494876861572266,0.12969852983951569,0.9830468893051147
398,0.3905026912689209,0.9493362307548523,0.13160035014152527,0.9828060865402222
399,0.38523444533348083,0.9500313997268677,0.13186970353126526,0.9827680587768555
400,0.38084444403648376,0.9506120085716248,0.13140970468521118,0.9828284978866577
401,0.38874727487564087,0.9495914578437805,0.13693536818027496,0.9821071624755859
402,0.3846643567085266,0.9500899910926819,0.13145820796489716,0.9828192591667175
403,0.38513505458831787,0.949995219707489,0.1299835741519928,0.9830082058906555
404,0.3858502209186554,0.9499468803405762,0.13111375272274017,0.9828618168830872
405,0.38625770807266235,0.9499131441116333,0.13182106614112854,0.9827674627304077
406,0.3854118585586548,0.9500316977500916,0.1346820890903473,0.9823929071426392
407,0.3875926434993744,0.9497535228729248,0.13023406267166138,0.98297518491745
408,0.38448983430862427,0.9501267671585083,0.13357198238372803,0.9825374484062195
409,0.38403549790382385,0.9501169919967651,0.1312953233718872,0.9828411936759949
410,0.38405701518058777,0.9501392245292664,0.1261971890926361,0.9835070371627808
411,0.382389634847641,0.9504605531692505,0.1277642548084259,0.9832977056503296
412,0.3836360573768616,0.9502351880073547,0.12631241977214813,0.9834849238395691
413,0.38453951478004456,0.9501627683639526,0.1353711634874344,0.9823033213615417
414,0.3788391351699829,0.9508638978004456,0.13266392052173615,0.9826606512069702
415,0.38061055541038513,0.9506542682647705,0.13320164382457733,0.9825930595397949
416,0.3788723349571228,0.9508368968963623,0.1305634081363678,0.9829362630844116
417,0.3810591399669647,0.9505970478057861,0.12256819009780884,0.9839843511581421
418,0.38156402111053467,0.9505097270011902,0.12376846373081207,0.983818531036377
419,0.38283073902130127,0.950347900390625,0.1305646002292633,0.9829322695732117
420,0.37920406460762024,0.9508156776428223,0.13064351677894592,0.9829228520393372
421,0.38584038615226746,0.9499760866165161,0.12026967108249664,0.9842737317085266
422,0.37799572944641113,0.9509932994842529,0.13230249285697937,0.9826998710632324
423,0.3789824843406677,0.9508450031280518,0.13489489257335663,0.9823669195175171
424,0.37651604413986206,0.9511923789978027,0.13014258444309235,0.9829906225204468
425,0.37731659412384033,0.9510986804962158,0.13304969668388367,0.9826135635375977
426,0.37879061698913574,0.9508417844772339,0.12676967680454254,0.9834290742874146
427,0.37905919551849365,0.9508243203163147,0.12899908423423767,0.9831451177597046
428,0.3787064552307129,0.9508878588676453,0.134550079703331,0.9824174642562866
429,0.37655019760131836,0.9511910676956177,0.11563919484615326,0.984885036945343
430,0.37576577067375183,0.9512740969657898,0.12482882291078568,0.9836832284927368
431,0.37954285740852356,0.9508031606674194,0.13011012971401215,0.9829927682876587
432,0.3749423027038574,0.9513683319091797,0.1256089210510254,0.9835814237594604
433,0.3747543692588806,0.9514167308807373,0.11939744651317596,0.9843975305557251
434,0.37796780467033386,0.9509880542755127,0.11575336754322052,0.9848701357841492
435,0.3761734664440155,0.9512248039245605,0.12815901637077332,0.9832432866096497
436,0.3756412863731384,0.9512896537780762,0.12554293870925903,0.983585000038147
437,0.37185588479042053,0.9517810344696045,0.12427173554897308,0.9837530255317688
438,0.3769262135028839,0.9511336088180542,0.12044667452573776,0.9842532277107239
439,0.37202760577201843,0.9517550468444824,0.1127263754606247,0.9852672815322876
440,0.3735731542110443,0.9514614939689636,0.1207333654165268,0.9842193722724915
441,0.37546175718307495,0.9513278007507324,0.12121623754501343,0.9841527938842773
442,0.37416625022888184,0.9515045285224915,0.11657462269067764,0.9847637414932251
443,0.3735073208808899,0.9515650868415833,0.12139720469713211,0.9841336011886597
444,0.37656739354133606,0.9512000679969788,0.12018436193466187,0.9842950701713562
445,0.3744323253631592,0.9513945579528809,0.11776498705148697,0.9846163988113403
446,0.377679705619812,0.9510207176208496,0.12639538943767548,0.9834769368171692
447,0.37550851702690125,0.9513014554977417,0.12022776156663895,0.9842821359634399
448,0.3740270435810089,0.9515091776847839,0.11629827320575714,0.9847985506057739
449,0.3724313974380493,0.9516512155532837,0.11940642446279526,0.9843929409980774
450,0.36968907713890076,0.9520922303199768,0.11790668219327927,0.9845854043960571
451,0.37396037578582764,0.951500415802002,0.11729397624731064,0.9846597909927368
452,0.3715440630912781,0.9517615437507629,0.11852690577507019,0.9845045208930969
453,0.37243515253067017,0.9517455101013184,0.11733344942331314,0.9846627116203308
454,0.3696633577346802,0.9520779848098755,0.11888007074594498,0.9844564199447632
455,0.36878976225852966,0.9521600604057312,0.11599769443273544,0.9848363995552063
456,0.37014859914779663,0.9520161151885986,0.10904838889837265,0.985744297504425
457,0.36927512288093567,0.9521015286445618,0.12513352930545807,0.9836424589157104
458,0.3676036298274994,0.9522994160652161,0.11051975935697556,0.9855535626411438
459,0.36785879731178284,0.9523465037345886,0.11782307922840118,0.9845958948135376
460,0.3700639605522156,0.9520130157470703,0.1204310804605484,0.9842619895935059
461,0.36812078952789307,0.9522607922554016,0.12567941844463348,0.9835740327835083
462,0.37292778491973877,0.9516435861587524,0.11424880474805832,0.9850628972053528
463,0.365323930978775,0.9526393413543701,0.11766652017831802,0.9846193194389343
464,0.36664924025535583,0.9524387717247009,0.1193627119064331,0.9843977093696594
465,0.3666910231113434,0.952398419380188,0.11000524461269379,0.9856208562850952
466,0.3661218583583832,0.9524602293968201,0.12019731104373932,0.9842866063117981
467,0.3626192510128021,0.9529827237129211,0.12112103402614594,0.984158992767334
468,0.3671923279762268,0.9523974061012268,0.1211746484041214,0.9841594696044922
469,0.3662073314189911,0.9524722099304199,0.1146954670548439,0.985007643699646
470,0.3658575117588043,0.952560544013977,0.11762458086013794,0.9846258163452148
471,0.36463168263435364,0.9527298808097839,0.10890857130289078,0.9857580065727234
472,0.36639875173568726,0.9524873495101929,0.11605872213840485,0.9848278760910034
473,0.3672782778739929,0.9523297548294067,0.11980756372213364,0.984340488910675
474,0.36568039655685425,0.9525358080863953,0.11193512380123138,0.9853689074516296
475,0.3693167269229889,0.9521275758743286,0.11567660421133041,0.9848731756210327
476,0.36605939269065857,0.9525350332260132,0.11440780013799667,0.9850412607192993
477,0.3650375306606293,0.952629566192627,0.10601546615362167,0.9861380457878113
478,0.36258333921432495,0.9529731869697571,0.11193321645259857,0.9853683710098267
479,0.3654107451438904,0.9526330232620239,0.10719165205955505,0.9859861135482788
480,0.36698251962661743,0.9523972868919373,0.1134292408823967,0.9851722717285156
481,0.3644348680973053,0.9527283906936646,0.12079492956399918,0.9842104911804199
482,0.363761305809021,0.9528409242630005,0.11039261519908905,0.9855629801750183
483,0.3648715317249298,0.9527066946029663,0.11676202714443207,0.9847363233566284
484,0.36205360293388367,0.9530312418937683,0.11381739377975464,0.9851201772689819
485,0.3647308349609375,0.9526752829551697,0.10569857805967331,0.9861749410629272
486,0.36198532581329346,0.9529955983161926,0.11380930989980698,0.985120952129364
487,0.36229851841926575,0.9529834389686584,0.10962843894958496,0.9856687784194946
488,0.3613870441913605,0.9531261920928955,0.10880786925554276,0.9857784509658813
489,0.36271852254867554,0.9529709815979004,0.1076023280620575,0.9859329462051392
490,0.35869696736335754,0.9534425139427185,0.1158035472035408,0.9848563075065613
491,0.36058908700942993,0.9532409310340881,0.1117594987154007,0.9853854179382324
492,0.36362579464912415,0.9528518319129944,0.11002078652381897,0.9856165051460266
493,0.3633909821510315,0.9528927803039551,0.10403874516487122,0.9863977432250977
494,0.35965973138809204,0.9533545970916748,0.10821624845266342,0.9858542680740356
495,0.360137403011322,0.9532780051231384,0.11615060269832611,0.9848116040229797
496,0.35928258299827576,0.9533815979957581,0.11306780576705933,0.9852138757705688
497,0.3608638346195221,0.9532133340835571,0.11073331534862518,0.9855203628540039
498,0.35857465863227844,0.9534967541694641,0.11445071548223495,0.9850336313247681
499,0.360453337430954,0.9532806277275085,0.108487069606781,0.9858166575431824
500,0.3593131899833679,0.953392505645752,0.11066700518131256,0.9855319261550903
501,0.35819610953330994,0.9535413980484009,0.10707824677228928,0.9859960675239563
502,0.35849979519844055,0.9534809589385986,0.1104622408747673,0.9855566024780273
503,0.3559907376766205,0.9538375735282898,0.10354403406381607,0.9864654541015625
504,0.3563620150089264,0.9538486003875732,0.11342723667621613,0.9851759076118469
505,0.3549223840236664,0.9539742469787598,0.10199116170406342,0.9866667985916138
506,0.3540809154510498,0.9540901184082031,0.1053994670510292,0.9862245321273804
507,0.36040055751800537,0.9532900452613831,0.1131589412689209,0.9852080345153809
508,0.35501527786254883,0.9539797902107239,0.11155195534229279,0.9854218363761902
509,0.3567529022693634,0.9537879824638367,0.10864665359258652,0.9857940673828125
510,0.3567715585231781,0.9537400603294373,0.1059851422905922,0.9861449003219604
511,0.3582689166069031,0.9535285830497742,0.1074560210108757,0.985946536064148
512,0.3556375205516815,0.9538941383361816,0.10836775600910187,0.9858278036117554
513,0.3607693314552307,0.9531930685043335,0.09804171323776245,0.9871770143508911
514,0.35718610882759094,0.953669011592865,0.11085890978574753,0.9855009317398071
515,0.35898762941360474,0.9534134864807129,0.1137949526309967,0.9851220846176147
516,0.35319793224334717,0.9541778564453125,0.09888464212417603,0.9870722889900208
517,0.3531643748283386,0.9542171955108643,0.10172518342733383,0.9867008328437805
518,0.3533766269683838,0.9542231559753418,0.10056640207767487,0.986850380897522
519,0.35586628317832947,0.953834056854248,0.10476389527320862,0.9862993359565735
520,0.35730645060539246,0.9536821246147156,0.10964842140674591,0.9856569170951843
521,0.3577779233455658,0.9536030292510986,0.10388646274805069,0.9864142537117004
522,0.35340937972068787,0.9541457295417786,0.0959291085600853,0.9874587059020996
523,0.35539305210113525,0.9539103507995605,0.10383843630552292,0.9864238500595093
524,0.3533758521080017,0.9541656374931335,0.10530391335487366,0.986230194568634
525,0.35521548986434937,0.9538846015930176,0.11129262298345566,0.9854510426521301
526,0.35191601514816284,0.954373836517334,0.10798449069261551,0.9858824610710144
527,0.35624560713768005,0.953801691532135,0.104302316904068,0.9863603711128235
528,0.35006147623062134,0.9546617269515991,0.10233794152736664,0.9866178631782532
529,0.3562428057193756,0.9538058042526245,0.1033712849020958,0.986485481262207
530,0.3532506823539734,0.9541919231414795,0.10293735563755035,0.9865436553955078
531,0.350633829832077,0.9545291066169739,0.1041427031159401,0.9863864779472351
532,0.35414743423461914,0.954105794429779,0.10503661632537842,0.9862710237503052
533,0.35288113355636597,0.9542720317840576,0.10845930874347687,0.9858213663101196
534,0.3487314283847809,0.9547384977340698,0.09567707031965256,0.9874908328056335
535,0.34769687056541443,0.9549044370651245,0.10537106543779373,0.9862249493598938
536,0.3520175516605377,0.9543631672859192,0.1012641191482544,0.9867640733718872
537,0.3517351746559143,0.954417884349823,0.10061942040920258,0.9868483543395996
538,0.3531434237957001,0.954204261302948,0.10161563754081726,0.986716091632843
539,0.3508278727531433,0.9545362591743469,0.09597969800233841,0.9874493479728699
540,0.35107648372650146,0.9544444680213928,0.10183881223201752,0.9866868853569031
541,0.3489678204059601,0.9546922445297241,0.09460065513849258,0.9876287579536438
542,0.347728431224823,0.9549241065979004,0.097037173807621,0.9873067140579224
543,0.3512416481971741,0.9544547200202942,0.10412619262933731,0.9863807559013367
544,0.3504389822483063,0.9545965790748596,0.09982290863990784,0.9869461059570312
545,0.3503200113773346,0.9545742869377136,0.10690881311893463,0.9860183596611023
546,0.3493175208568573,0.9547421336174011,0.10058770328760147,0.9868491888046265
547,0.34931546449661255,0.9547142386436462,0.10418939590454102,0.9863835573196411
548,0.35034599900245667,0.9545625448226929,0.0987224355340004,0.9870937466621399
549,0.34591683745384216,0.9550895690917969,0.0991639792919159,0.987034797668457
550,0.3486650288105011,0.9547972679138184,0.10206601768732071,0.9866569638252258
551,0.3479165732860565,0.9548773765563965,0.09924168884754181,0.9870259165763855
552,0.3472810685634613,0.9549599885940552,0.09796581417322159,0.9871889352798462
553,0.3481040298938751,0.9548535346984863,0.09810692816972733,0.9871732592582703
554,0.3477766811847687,0.9548668265342712,0.09904949367046356,0.9870511889457703
555,0.3472326099872589,0.9549533724784851,0.10087175667285919,0.986812949180603
556,0.34565359354019165,0.9551857113838196,0.09399732947349548,0.9877111315727234
557,0.34589365124702454,0.9551472663879395,0.09593874216079712,0.987453818321228
558,0.3420197665691376,0.9556128978729248,0.09080769866704941,0.9881275296211243
559,0.3461584448814392,0.955100417137146,0.09867093712091446,0.9871017336845398
560,0.34184396266937256,0.9556465148925781,0.09479290246963501,0.98760586977005
561,0.34598952531814575,0.9551275968551636,0.09414751082658768,0.9876901507377625
562,0.34928157925605774,0.9546693563461304,0.09686769545078278,0.9873323440551758
563,0.3448741137981415,0.9552632570266724,0.09934370219707489,0.9870111346244812
564,0.34339210391044617,0.9554629325866699,0.09951457381248474,0.98698890209198
565,0.34385767579078674,0.9553772807121277,0.09459224343299866,0.9876322746276855
566,0.34260377287864685,0.9555721282958984,0.09526213258504868,0.9875461459159851
567,0.344071626663208,0.9553573131561279,0.09918945282697678,0.9870280027389526
568,0.344655841588974,0.9553027153015137,0.10322106629610062,0.9865041971206665
569,0.34612271189689636,0.955104649066925,0.09433785825967789,0.9876648187637329
570,0.34280455112457275,0.9555596709251404,0.10361441969871521,0.9864521026611328
571,0.34729111194610596,0.9549572467803955,0.0895853117108345,0.988286018371582
572,0.34031230211257935,0.9558717608451843,0.09791135787963867,0.9871980547904968
573,0.34421247243881226,0.9553409218788147,0.09892062097787857,0.9870679974555969
574,0.34384241700172424,0.9553430676460266,0.09843723475933075,0.9871309399604797
575,0.3423371911048889,0.9556043744087219,0.0972200557589531,0.9872854351997375
576,0.3398825526237488,0.9559159278869629,0.0910789743065834,0.9880870580673218
577,0.3420940041542053,0.9556271433830261,0.09324602782726288,0.9878079295158386
578,0.3426578640937805,0.9555427432060242,0.08780951797962189,0.9885184168815613
579,0.34131696820259094,0.9557381868362427,0.09250576049089432,0.9879013895988464
580,0.3436957597732544,0.955453097820282,0.09550869464874268,0.9875115156173706
581,0.3443044424057007,0.955376386642456,0.0935315266251564,0.9877710342407227
582,0.3416532874107361,0.9556846618652344,0.09780417382717133,0.9872103929519653
583,0.34018927812576294,0.9558397531509399,0.09742537885904312,0.987258791923523
584,0.3407823145389557,0.9558264017105103,0.0913778692483902,0.9880502820014954
585,0.3417544364929199,0.9557008147239685,0.09523214399814606,0.9875461459159851
586,0.34037867188453674,0.9558886289596558,0.09284963458776474,0.9878595471382141
587,0.34040725231170654,0.9558305144309998,0.09484845399856567,0.9876047968864441
588,0.33980122208595276,0.9559513926506042,0.09202129393815994,0.9879701733589172
589,0.3403010666370392,0.9558600187301636,0.08917417377233505,0.9883383512496948
590,0.34170132875442505,0.9556486010551453,0.08822224289178848,0.9884651303291321
591,0.33833450078964233,0.9561724662780762,0.09275547415018082,0.9878746271133423
592,0.3385588526725769,0.9561082124710083,0.08843006938695908,0.9884341955184937
593,0.34003400802612305,0.9559060335159302,0.09387103468179703,0.9877234697341919
594,0.3390030860900879,0.9560276865959167,0.08846147358417511,0.9884319305419922
595,0.33943963050842285,0.9559929370880127,0.08970553427934647,0.988265335559845
596,0.3387252688407898,0.9560571908950806,0.09361638128757477,0.9877540469169617
597,0.33783984184265137,0.9561684131622314,0.09818994253873825,0.9871559143066406
598,0.33666789531707764,0.9563457369804382,0.08940894901752472,0.9883033633232117
599,0.3402889370918274,0.9559069275856018,0.09410122781991959,0.9876946210861206
600,0.3377571702003479,0.956218421459198,0.09318628162145615,0.9878139495849609
601,0.33816495537757874,0.9561559557914734,0.0971270203590393,0.9872886538505554
602,0.3372786045074463,0.9562717080116272,0.10255526006221771,0.9865884780883789
603,0.3369258940219879,0.956325113773346,0.08977290242910385,0.9882599115371704
604,0.33797335624694824,0.9561641812324524,0.09275078773498535,0.9878708124160767
605,0.33586937189102173,0.9563921093940735,0.09112206846475601,0.9880868792533875
606,0.338789165019989,0.9561077952384949,0.08771543949842453,0.988528847694397
607,0.33925190567970276,0.9559940695762634,0.09027186036109924,0.9881961941719055
608,0.3396459221839905,0.9559801816940308,0.08809986710548401,0.9884774088859558
609,0.336050808429718,0.9564051628112793,0.09021472930908203,0.988209068775177
610,0.3363877236843109,0.9564076662063599,0.0871741771697998,0.988604724407196
611,0.33361127972602844,0.9566966891288757,0.09044063836336136,0.9881730079650879
612,0.33728331327438354,0.9562104940414429,0.0848485603928566,0.9889044761657715
613,0.3334243595600128,0.9567752480506897,0.09204992651939392,0.987964928150177
614,0.336436003446579,0.9563918709754944,0.08590388298034668,0.9887712597846985
615,0.33711302280426025,0.9562735557556152,0.09264004230499268,0.9878841638565063
616,0.33512482047080994,0.956505298614502,0.09361987560987473,0.9877589344978333
617,0.33671724796295166,0.9562947154045105,0.0894438624382019,0.988299548625946
618,0.33467230200767517,0.9566443562507629,0.09245118498802185,0.9879089593887329
619,0.3374535143375397,0.9562098979949951,0.08713571727275848,0.9886071085929871
620,0.33474984765052795,0.9566072225570679,0.09132052958011627,0.9880587458610535
621,0.3349677324295044,0.9565670490264893,0.0901562049984932,0.9882082939147949
622,0.3344309628009796,0.9566298127174377,0.08380737900733948,0.989040732383728
623,0.3331601023674011,0.956787109375,0.08861251175403595,0.9884089231491089
624,0.3315353989601135,0.9569963216781616,0.08312897384166718,0.9891282916069031
625,0.33449646830558777,0.9565805196762085,0.08737564831972122,0.9885714650154114
626,0.334953635931015,0.9565520286560059,0.08416048437356949,0.9889930486679077
627,0.33610090613365173,0.9563968181610107,0.08564874529838562,0.9887995719909668
628,0.3325245678424835,0.9568864703178406,0.08345728367567062,0.9890855550765991
629,0.33345088362693787,0.9567906260490417,0.09094923734664917,0.9881011843681335
630,0.33454281091690063,0.9565431475639343,0.09216205030679703,0.9879465103149414
631,0.33735358715057373,0.9562468528747559,0.08954314887523651,0.9882858991622925
632,0.33327537775039673,0.9568170309066772,0.08905903249979019,0.9883491396903992
633,0.33487120270729065,0.9565830230712891,0.08562929183244705,0.9887984395027161
634,0.33273306488990784,0.9568491578102112,0.08940678089857101,0.9883055686950684
635,0.33491623401641846,0.9565749764442444,0.08956650644540787,0.9882842898368835
636,0.33146125078201294,0.9569967985153198,0.09068641811609268,0.9881367683410645
637,0.3285180926322937,0.9573760032653809,0.08468187600374222,0.9889214634895325
638,0.33381983637809753,0.9567124247550964,0.08902368694543839,0.9883564710617065
639,0.3315543234348297,0.9568686485290527,0.08418410271406174,0.9889882802963257
640,0.331159383058548,0.957068681716919,0.0842573419213295,0.9889836311340332
641,0.33107790350914,0.9570252299308777,0.08470209687948227,0.9889205098152161
642,0.3340916335582733,0.9566813111305237,0.08386395126581192,0.989030659198761
643,0.3306301534175873,0.9570953845977783,0.0838831290602684,0.9890316128730774
644,0.3318782448768616,0.9569848775863647,0.08713022619485855,0.9886091351509094
645,0.3325451612472534,0.9569043517112732,0.08875222504138947,0.9883978962898254
646,0.3308601677417755,0.9570528268814087,0.0818735733628273,0.9892927408218384
647,0.33091992139816284,0.9570683836936951,0.0894213318824768,0.9883031845092773
648,0.3289680778980255,0.9573166370391846,0.08873744308948517,0.9883908033370972
649,0.3302118182182312,0.9572086334228516,0.0835680216550827,0.9890744090080261
650,0.3315970301628113,0.95699542760849,0.07876602560281754,0.9897037744522095
651,0.32897868752479553,0.9573439359664917,0.08187129348516464,0.9892978668212891
652,0.3300280272960663,0.9571372866630554,0.08020354062318802,0.9895147085189819
653,0.33023393154144287,0.9571731686592102,0.08179649710655212,0.9893037676811218
654,0.3287748694419861,0.9573419690132141,0.08149072527885437,0.9893428683280945
655,0.32810208201408386,0.957432210445404,0.0840761661529541,0.989005446434021
656,0.33165717124938965,0.9569765329360962,0.08672129362821579,0.9886578321456909
657,0.3306696116924286,0.9571534991264343,0.08397030085325241,0.9890177845954895
658,0.329061895608902,0.9573107361793518,0.08327290415763855,0.9891145825386047
659,0.3293364346027374,0.9573346376419067,0.08565320819616318,0.9888014793395996
660,0.32825005054473877,0.9574040770530701,0.08667948842048645,0.9886671304702759
661,0.32443782687187195,0.9579360485076904,0.07697468250989914,0.9899371862411499
662,0.3273254632949829,0.957558274269104,0.08211983740329742,0.989264190196991
663,0.3276123106479645,0.9574868083000183,0.07796081900596619,0.9898093938827515
664,0.3252790570259094,0.9577670693397522,0.08193539083003998,0.9892880320549011
665,0.3289576470851898,0.9573697447776794,0.08476205170154572,0.9889190793037415
666,0.3281388282775879,0.9574601054191589,0.08251897990703583,0.9892088174819946
667,0.327491819858551,0.9575420022010803,0.07776390016078949,0.989830493927002
668,0.3292157053947449,0.9573104381561279,0.08362388610839844,0.9890674352645874
669,0.32864314317703247,0.957415759563446,0.08399081230163574,0.9890187382698059
670,0.32439061999320984,0.9579139351844788,0.08121109753847122,0.9893800616264343
671,0.3278703987598419,0.9575018882751465,0.08295003324747086,0.9891529083251953
672,0.32635751366615295,0.9576644897460938,0.08076333999633789,0.9894418716430664
673,0.32520443201065063,0.9577844738960266,0.08119465410709381,0.9893853068351746
674,0.3272826671600342,0.9575746655464172,0.0800480917096138,0.9895307421684265
675,0.3279102146625519,0.9574705362319946,0.0806640237569809,0.9894559979438782
676,0.3250308334827423,0.957783043384552,0.07858048379421234,0.989724338054657
677,0.3248368501663208,0.9578697085380554,0.08213931322097778,0.9892579913139343
678,0.32971328496932983,0.9572475552558899,0.08547031879425049,0.9888194799423218
679,0.32437941431999207,0.9579262733459473,0.08223024010658264,0.9892465472221375
680,0.3268412947654724,0.9575670957565308,0.08286035060882568,0.9891691207885742
681,0.32715028524398804,0.9575452208518982,0.07957395166158676,0.989599883556366
682,0.32590314745903015,0.9577543139457703,0.07876904308795929,0.9897009134292603
683,0.3231232464313507,0.9580709338188171,0.08100183308124542,0.9894111752510071
684,0.323947012424469,0.9580139517784119,0.08245954662561417,0.9892226457595825
685,0.32363361120224,0.9580623507499695,0.0841057077050209,0.9890060424804688
686,0.32098352909088135,0.9584123492240906,0.08151134848594666,0.9893447160720825
687,0.3228892683982849,0.9580883979797363,0.08076690137386322,0.9894417524337769
688,0.32256171107292175,0.9581652283668518,0.08175874501466751,0.9893109202384949
689,0.3219473659992218,0.9582328796386719,0.07628273963928223,0.9900256395339966
690,0.32201671600341797,0.9582681059837341,0.07636558264493942,0.990020751953125
691,0.32088425755500793,0.9583762288093567,0.07545550167560577,0.9901391863822937
692,0.325939804315567,0.9577386975288391,0.07748006284236908,0.9898761510848999
693,0.32346484065055847,0.9580572843551636,0.0808882936835289,0.9894240498542786
694,0.32674741744995117,0.9576072692871094,0.07804916799068451,0.989795982837677
695,0.32465049624443054,0.9578703045845032,0.07818200439214706,0.9897757768630981
696,0.32397323846817017,0.9579982757568359,0.08007653802633286,0.9895321130752563
697,0.3207865059375763,0.958388090133667,0.07670050859451294,0.9899722337722778
698,0.32295647263526917,0.958143949508667,0.07602261006832123,0.9900577664375305
699,0.31832173466682434,0.958734393119812,0.07943805307149887,0.9896100759506226
700,0.3198661208152771,0.9585106372833252,0.07605958729982376,0.9900534749031067
701,0.32126936316490173,0.9583697319030762,0.0788559839129448,0.9896885752677917
702,0.3245331346988678,0.9578995704650879,0.07885344326496124,0.9896895289421082
703,0.32141655683517456,0.9583327770233154,0.08123825490474701,0.9893760681152344
704,0.32466554641723633,0.957929790019989,0.08301825076341629,0.9891468286514282
705,0.3223336935043335,0.9581759572029114,0.080409936606884,0.9894893765449524
706,0.32227933406829834,0.9582023620605469,0.07758217304944992,0.9898614883422852
707,0.32183945178985596,0.958307147026062,0.0808810144662857,0.9894256591796875
708,0.32336071133613586,0.9580335021018982,0.07845456153154373,0.9897446632385254
709,0.3203887641429901,0.9584389925003052,0.08055216819047928,0.9894710779190063
710,0.321492999792099,0.9583028554916382,0.08116929233074188,0.9893853068351746
711,0.31924960017204285,0.9585961699485779,0.07805299013853073,0.9897958040237427
712,0.3197469115257263,0.9585405588150024,0.07835059612989426,0.9897534251213074
713,0.32217347621917725,0.9582218527793884,0.07770881801843643,0.9898401498794556
714,0.3191826641559601,0.9586084485054016,0.07920880615711212,0.9896467924118042
715,0.31964540481567383,0.9585364460945129,0.07892448455095291,0.9896809458732605
716,0.3225437104701996,0.9581979513168335,0.08090447634458542,0.9894267916679382
717,0.319408655166626,0.9586079120635986,0.08006563037633896,0.9895330667495728
718,0.3202192187309265,0.9585077166557312,0.07914162427186966,0.9896566271781921
719,0.31966421008110046,0.9585392475128174,0.08295022696256638,0.9891583323478699
720,0.31775155663490295,0.958766758441925,0.07503777742385864,0.9901922941207886
721,0.31974494457244873,0.9585381746292114,0.07820618152618408,0.9897764921188354
722,0.3199968636035919,0.9585548043251038,0.0734807625412941,0.9903960227966309
723,0.3195931017398834,0.9585447907447815,0.07584314048290253,0.9900863766670227
724,0.3185599446296692,0.9587286710739136,0.07601414620876312,0.990064263343811
725,0.31813758611679077,0.9587330222129822,0.07321371138095856,0.9904302358627319
726,0.3200232684612274,0.9585197567939758,0.0771760419011116,0.9899150729179382
727,0.32144269347190857,0.9583544731140137,0.0776616781949997,0.9898499250411987
728,0.3181239366531372,0.9587478637695312,0.08046352863311768,0.9894809722900391
729,0.3190002143383026,0.958668053150177,0.07402633875608444,0.9903218150138855
730,0.31787922978401184,0.9587804675102234,0.07652667164802551,0.9899964332580566
731,0.3206281363964081,0.9584444761276245,0.07361369580030441,0.990382194519043
732,0.3189954161643982,0.9586272835731506,0.07234840840101242,0.9905444383621216
733,0.3173421621322632,0.9588414430618286,0.07485996186733246,0.9902170300483704
734,0.3178900182247162,0.958763837814331,0.07428144663572311,0.990291953086853
735,0.3171144425868988,0.9588554501533508,0.07181961089372635,0.9906105995178223
736,0.31631848216056824,0.9589952230453491,0.07079601287841797,0.990744411945343
737,0.31839755177497864,0.9587314128875732,0.07381676882505417,0.9903522729873657
738,0.31879132986068726,0.9586904644966125,0.07444246858358383,0.9902729988098145
739,0.31900569796562195,0.9585984945297241,0.07501848042011261,0.9901944398880005
740,0.320293664932251,0.9584629535675049,0.07463426887989044,0.9902448654174805
741,0.3178989887237549,0.9587931632995605,0.07086941599845886,0.9907380938529968
742,0.3196793794631958,0.9585514068603516,0.08009173721075058,0.9895343780517578
743,0.3137661814689636,0.9593139290809631,0.07034586369991302,0.9908092617988586
744,0.31801244616508484,0.9587848782539368,0.07228223234415054,0.9905487895011902
745,0.3175186514854431,0.9588106870651245,0.07469296455383301,0.9902362823486328
746,0.31548333168029785,0.9590957760810852,0.0706305056810379,0.9907644391059875
747,0.31738558411598206,0.9588332176208496,0.07112368941307068,0.9907002449035645
748,0.31170448660850525,0.9595806002616882,0.0707060843706131,0.9907585978507996
749,0.3129451870918274,0.9594477415084839,0.07304471731185913,0.9904491305351257
750,0.313957154750824,0.9592971801757812,0.0747428610920906,0.9902268648147583
751,0.3135448694229126,0.959327220916748,0.07307317852973938,0.9904470443725586
752,0.3165377676486969,0.9589403867721558,0.0724930614233017,0.9905239939689636
753,0.31693127751350403,0.9588682055473328,0.07153299450874329,0.9906487464904785
754,0.3162841498851776,0.9589710235595703,0.07505376636981964,0.9901890754699707
755,0.3147839903831482,0.9591613411903381,0.07058524340391159,0.9907736778259277
756,0.31113579869270325,0.9596641659736633,0.07339142262935638,0.9904094934463501
757,0.3167348802089691,0.9589571952819824,0.07021542638540268,0.9908238649368286
758,0.3153843879699707,0.9590694308280945,0.07320967316627502,0.9904330372810364
759,0.3146825134754181,0.9591428637504578,0.07276672124862671,0.9904883503913879
760,0.3128833770751953,0.9593567848205566,0.07072710245847702,0.9907547831535339
761,0.31425994634628296,0.9592642784118652,0.07400719076395035,0.9903261065483093
762,0.31490522623062134,0.9591535329818726,0.06943836808204651,0.9909224510192871
763,0.315010130405426,0.9591581225395203,0.0741834044456482,0.9903050661087036
764,0.31572455167770386,0.959064781665802,0.07399972528219223,0.9903298616409302
765,0.31534698605537415,0.9591100811958313,0.06875748187303543,0.9910138249397278
766,0.3149307072162628,0.9591591358184814,0.07028745859861374,0.9908136129379272
767,0.3140147924423218,0.9592491984367371,0.07613042742013931,0.9900516271591187
768,0.31150591373443604,0.9596343040466309,0.07122531533241272,0.9906905889511108
769,0.3130902647972107,0.9594123363494873,0.07457969337701797,0.9902502298355103
770,0.3148037791252136,0.9591832160949707,0.0686572790145874,0.9910246133804321
771,0.31444984674453735,0.9592137336730957,0.06705072522163391,0.991234302520752
772,0.31406134366989136,0.9593043327331543,0.06858062744140625,0.9910337328910828
773,0.31210893392562866,0.9595414400100708,0.0736091285943985,0.9903777837753296
774,0.3127988874912262,0.9594323039054871,0.07080309092998505,0.9907457232475281
775,0.3125656545162201,0.9594812989234924,0.07099299132823944,0.9907205700874329
776,0.3115195035934448,0.9596053957939148,0.07139328122138977,0.9906665682792664
777,0.3142964839935303,0.9591930508613586,0.07115039974451065,0.9906982183456421
778,0.3122308552265167,0.9595066905021667,0.06977645307779312,0.9908782243728638
779,0.31377360224723816,0.9592936635017395,0.07234806567430496,0.9905430674552917
780,0.31265679001808167,0.9594600796699524,0.07061635702848434,0.9907687902450562
781,0.3121296465396881,0.9595032930374146,0.07309478521347046,0.9904477000236511
782,0.31053438782691956,0.9596925973892212,0.07225064933300018,0.9905573129653931
783,0.3118557929992676,0.9595482349395752,0.07368854433298111,0.9903694987297058
784,0.3103903532028198,0.9597558379173279,0.0686955377459526,0.9910212755203247
785,0.3124517798423767,0.9594939351081848,0.06918220221996307,0.9909579157829285
786,0.31132715940475464,0.9596544504165649,0.07463158667087555,0.9902429580688477
787,0.3110062777996063,0.959688663482666,0.06892459839582443,0.9909905195236206
788,0.3127264380455017,0.9594855308532715,0.06401555240154266,0.9916328191757202
789,0.3107433021068573,0.9596808552742004,0.06549061834812164,0.9914393424987793
790,0.3123336732387543,0.9594821929931641,0.07138115167617798,0.9906705617904663
791,0.31288525462150574,0.9594557881355286,0.06789088994264603,0.9911248087882996
792,0.30982333421707153,0.9598422050476074,0.07037513703107834,0.9908011555671692
793,0.3096359372138977,0.9598886370658875,0.06908929347991943,0.9909680485725403
794,0.3099615275859833,0.9598314166069031,0.07037127017974854,0.9908016324043274
795,0.3089029788970947,0.9599442481994629,0.07150828093290329,0.9906513094902039
796,0.3115120828151703,0.959621012210846,0.0715644434094429,0.990646481513977
797,0.3120744526386261,0.959529459476471,0.0725504606962204,0.9905180931091309
798,0.3097821772098541,0.9598102569580078,0.06923011690378189,0.9909501075744629
799,0.3096795082092285,0.9598370790481567,0.06838581711053848,0.9910616874694824
800,0.3102049231529236,0.9598042368888855,0.06832551956176758,0.9910718202590942
801,0.30985918641090393,0.959804117679596,0.06969384849071503,0.9908941388130188
802,0.3081217408180237,0.9600184559822083,0.07077391445636749,0.9907514452934265
803,0.30946236848831177,0.9598391652107239,0.07182817161083221,0.9906142354011536
804,0.3097241520881653,0.9598304629325867,0.06932345032691956,0.9909370541572571
805,0.3100835382938385,0.9598118662834167,0.06982477754354477,0.9908720254898071
806,0.30913227796554565,0.9598981738090515,0.06982282549142838,0.9908767938613892
807,0.30989086627960205,0.9597901701927185,0.06991469115018845,0.9908658266067505
808,0.3123144507408142,0.9595251679420471,0.06662116944789886,0.9912948608398438
809,0.3099629282951355,0.959834635257721,0.06947258859872818,0.9909221529960632
810,0.31001225113868713,0.9597952961921692,0.06770766526460648,0.9911550283432007
811,0.30949217081069946,0.959871768951416,0.06728861480951309,0.9912077188491821
812,0.30907246470451355,0.9599111676216125,0.06682614237070084,0.991267204284668
813,0.31031614542007446,0.9597703218460083,0.07024596631526947,0.9908185005187988
814,0.3067866265773773,0.960189938545227,0.06514639407396317,0.9914864301681519
815,0.30858078598976135,0.9599348306655884,0.06332520395517349,0.9917252659797668
816,0.3078809380531311,0.9600643515586853,0.06453154981136322,0.991564154624939
817,0.3064495027065277,0.9602624773979187,0.07029613852500916,0.9908137321472168
818,0.31087738275527954,0.9596824645996094,0.06680718064308167,0.9912697672843933
819,0.30545854568481445,0.9603850841522217,0.06799770891666412,0.9911142587661743
820,0.30712470412254333,0.9601383209228516,0.06760086864233017,0.9911683797836304
821,0.3074900209903717,0.9601419568061829,0.06274401396512985,0.9917990565299988
822,0.3075365424156189,0.9601142406463623,0.06577520072460175,0.9914029240608215
823,0.3087160587310791,0.9599753022193909,0.06566472351551056,0.9914172887802124
824,0.30478814244270325,0.9605050086975098,0.0694284662604332,0.9909276962280273
825,0.3083861768245697,0.9599878191947937,0.06376966834068298,0.9916666150093079
826,0.31041982769966125,0.9597173929214478,0.06794865429401398,0.9911180734634399
827,0.30665433406829834,0.9602580070495605,0.06545387953519821,0.9914423823356628
828,0.3069821894168854,0.9601877331733704,0.06677565723657608,0.9912760853767395
829,0.306107759475708,0.9603115916252136,0.06637284904718399,0.9913250207901001
830,0.3065873086452484,0.9602789878845215,0.06683523207902908,0.9912649393081665
831,0.30559471249580383,0.9603777527809143,0.06310273706912994,0.9917528033256531
832,0.30679768323898315,0.9602014422416687,0.06551516056060791,0.991436779499054
833,0.30950066447257996,0.9598599672317505,0.06702899932861328,0.9912396669387817
834,0.30560216307640076,0.9603334665298462,0.06881090998649597,0.9910081624984741
835,0.3063358664512634,0.9602406024932861,0.06249350309371948,0.9918357133865356
836,0.3065422773361206,0.9602687358856201,0.0696091577410698,0.9909111857414246
837,0.30628782510757446,0.9602490663528442,0.06347769498825073,0.9917125701904297
838,0.3039204478263855,0.9605309367179871,0.06377054750919342,0.9916704297065735
839,0.30534031987190247,0.9603736400604248,0.0675167366862297,0.9911762475967407
840,0.30343881249427795,0.9606032967567444,0.06733966618776321,0.9912010431289673
841,0.30635762214660645,0.9602474570274353,0.0670388787984848,0.9912405014038086
842,0.3043544292449951,0.9605570435523987,0.06586606800556183,0.9913936853408813
843,0.3059943616390228,0.9603239297866821,0.06667865812778473,0.9912861585617065
844,0.30686184763908386,0.9602213501930237,0.0643460750579834,0.9915897250175476
845,0.3055233061313629,0.9603704214096069,0.06119007617235184,0.9920040965080261
846,0.3037739098072052,0.9606456756591797,0.06586091965436935,0.9913923144340515
847,0.30540332198143005,0.9604175686836243,0.0659821480512619,0.9913759231567383
848,0.3041289746761322,0.96051025390625,0.06308866292238235,0.9917535781860352
849,0.30516427755355835,0.9604337811470032,0.0639365017414093,0.9916426539421082
850,0.3061947226524353,0.9602940082550049,0.06328523904085159,0.9917308688163757
851,0.3073069751262665,0.9601463675498962,0.06891395151615143,0.9909924268722534
852,0.3027772009372711,0.9606960415840149,0.06339816749095917,0.9917132258415222
853,0.3032578229904175,0.9606659412384033,0.06306067854166031,0.9917608499526978
854,0.30456021428108215,0.9605247378349304,0.062166694551706314,0.9918748140335083
855,0.30494454503059387,0.960456371307373,0.06224297732114792,0.9918633699417114
856,0.3078097403049469,0.9601048827171326,0.06697496026754379,0.9912473559379578
857,0.3043419122695923,0.9605705738067627,0.062424272298812866,0.9918411374092102
858,0.30370402336120605,0.9606348276138306,0.06286604702472687,0.9917834997177124
859,0.30142366886138916,0.9608751535415649,0.06362093240022659,0.991684079170227
860,0.30422016978263855,0.9604958891868591,0.06398896127939224,0.9916402697563171
861,0.30179789662361145,0.9608579874038696,0.06285512447357178,0.9917857050895691
862,0.30374830961227417,0.9605879783630371,0.06260490417480469,0.9918176531791687
863,0.3038235008716583,0.960615873336792,0.05840935930609703,0.9923663139343262
864,0.3037928342819214,0.9605871438980103,0.05939517542719841,0.9922378659248352
865,0.3012673556804657,0.9609555602073669,0.06864089518785477,0.9910276532173157
866,0.3022865056991577,0.9608153104782104,0.061702463775873184,0.9919350743293762
867,0.304749459028244,0.9605231881141663,0.06357661634683609,0.9916903376579285
868,0.29961615800857544,0.9611744284629822,0.06577163189649582,0.9914034008979797
869,0.30413782596588135,0.9605560302734375,0.06442905217409134,0.9915790557861328
870,0.3041705787181854,0.9606175422668457,0.06476279348134995,0.9915316700935364
871,0.3024735152721405,0.9607774615287781,0.061449725180864334,0.991965651512146
872,0.30116918683052063,0.9609636068344116,0.06402261555194855,0.9916297197341919
873,0.30325666069984436,0.960655689239502,0.061474770307540894,0.9919649362564087
874,0.2994411289691925,0.9611974954605103,0.06309717893600464,0.9917537569999695
875,0.3021587133407593,0.9608148336410522,0.06663119792938232,0.9912894368171692
876,0.3002418577671051,0.961052656173706,0.064398854970932,0.9915830492973328
877,0.3002461791038513,0.9610673189163208,0.06186716631054878,0.9919140934944153
878,0.3018002212047577,0.9609004855155945,0.0619126595556736,0.9919099807739258
879,0.3014383316040039,0.9609198570251465,0.059657737612724304,0.9922000765800476
880,0.3017551600933075,0.9608799815177917,0.06372147798538208,0.9916698336601257
881,0.3019484579563141,0.9608708620071411,0.06025921180844307,0.9921247363090515
882,0.2994804084300995,0.9611425995826721,0.0650276392698288,0.9915053248405457
883,0.30229347944259644,0.9608120322227478,0.062714122235775,0.9918068647384644
884,0.3033616542816162,0.9606627225875854,0.058201275765895844,0.9923955202102661
885,0.30270591378211975,0.9607178568840027,0.06394752115011215,0.9916471242904663
886,0.300364226102829,0.9610354900360107,0.06373997777700424,0.991668701171875
887,0.2991647720336914,0.9612244963645935,0.06238863989710808,0.9918437004089355
888,0.30064696073532104,0.9609953165054321,0.05844467878341675,0.9923593401908875
889,0.3017743229866028,0.9608254432678223,0.06206681579351425,0.9918850064277649
890,0.30064627528190613,0.961025059223175,0.06472942978143692,0.9915366172790527
891,0.30140694975852966,0.9609093070030212,0.06095680594444275,0.9920333623886108
892,0.3015340268611908,0.9609272480010986,0.0598180778324604,0.9921809434890747
893,0.3029603362083435,0.960695743560791,0.06173509731888771,0.9919309616088867
894,0.299067884683609,0.9612004160881042,0.06526230275630951,0.9914683103561401
895,0.29986679553985596,0.9611296653747559,0.06063184514641762,0.9920746088027954
896,0.2972807288169861,0.9614423513412476,0.061674606055021286,0.9919372797012329
897,0.3004196882247925,0.9610590934753418,0.061230167746543884,0.9919961094856262
898,0.2987702488899231,0.9612570405006409,0.062022849917411804,0.9918884038925171
899,0.29747894406318665,0.9614275693893433,0.06552135199308395,0.9914324879646301
900,0.2978783845901489,0.9613562226295471,0.062410853803157806,0.9918375015258789
901,0.29782336950302124,0.9613961577415466,0.06242280825972557,0.9918408393859863
902,0.2965717315673828,0.961553692817688,0.06181010976433754,0.9919224977493286
903,0.29910701513290405,0.9611904621124268,0.05887727066874504,0.9923030734062195
904,0.3001542091369629,0.9611155986785889,0.056546084582805634,0.9926093816757202
905,0.2991330027580261,0.961212158203125,0.06144115328788757,0.9919725656509399
906,0.3001282513141632,0.961083173751831,0.06006256863474846,0.9921479225158691
907,0.29895952343940735,0.961195170879364,0.062164511531591415,0.9918716549873352
908,0.29812702536582947,0.9613258838653564,0.06128857284784317,0.9919873476028442
909,0.29772472381591797,0.9614270925521851,0.059259478002786636,0.9922523498535156
910,0.2980203628540039,0.961357831954956,0.06237252801656723,0.9918425679206848
911,0.29985761642456055,0.9611276388168335,0.06035576015710831,0.9921083450317383
912,0.2972113788127899,0.961463451385498,0.0639670118689537,0.9916359186172485
913,0.295986145734787,0.9616060853004456,0.061838869005441666,0.9919160604476929
914,0.298018217086792,0.9613420367240906,0.05958695337176323,0.9922083616256714
915,0.3006191551685333,0.9610255360603333,0.06192638352513313,0.9919031262397766
916,0.2967796325683594,0.9615086913108826,0.06376443803310394,0.9916618466377258
917,0.29772576689720154,0.9613747000694275,0.058114152401685715,0.9924003481864929
918,0.2967599928379059,0.9615145325660706,0.06205572932958603,0.9918850064277649
919,0.29663464426994324,0.9615501761436462,0.059791307896375656,0.9921841621398926
920,0.29602769017219543,0.9616011381149292,0.05913368985056877,0.9922713041305542
921,0.2966497242450714,0.9615899324417114,0.061148326843976974,0.9920053482055664
922,0.29820889234542847,0.9613073468208313,0.06253095716238022,0.9918244481086731
923,0.29593968391418457,0.9616491198539734,0.06301111727952957,0.9917639493942261
924,0.296821653842926,0.961524248123169,0.060506902635097504,0.9920874834060669
925,0.2965364456176758,0.9615404009819031,0.06355226039886475,0.9916902780532837
926,0.29912570118904114,0.9612139463424683,0.060609810054302216,0.9920780062675476
927,0.29725927114486694,0.961434006690979,0.05877871438860893,0.9923164248466492
928,0.29618141055107117,0.9615753293037415,0.058290205895900726,0.9923783540725708
929,0.2946557402610779,0.9618083834648132,0.06032371520996094,0.9921106100082397
930,0.2980201840400696,0.961331307888031,0.06273973733186722,0.9917960166931152
931,0.29394468665122986,0.9618929624557495,0.06053980439901352,0.9920850992202759
932,0.29844221472740173,0.9612627625465393,0.05796262249350548,0.9924193620681763
933,0.2944803237915039,0.9617789387702942,0.05743033438920975,0.9924896359443665
934,0.2963564097881317,0.9616002440452576,0.058039139956235886,0.9924132227897644
935,0.2956713140010834,0.9616367816925049,0.0631587952375412,0.991744875907898
936,0.2936830222606659,0.9619130492210388,0.06079624593257904,0.9920533895492554
937,0.29298943281173706,0.9619617462158203,0.058980342000722885,0.9922871589660645
938,0.29493606090545654,0.9617794156074524,0.0600496307015419,0.9921503067016602
939,0.2943814992904663,0.9618303179740906,0.05928313359618187,0.9922498464584351
940,0.2958140969276428,0.9616796374320984,0.05759187415242195,0.9924694895744324
941,0.2945842444896698,0.9618096351623535,0.05818796157836914,0.9923895001411438
942,0.29396873712539673,0.9618861675262451,0.05978142470121384,0.9921796917915344
943,0.2944551408290863,0.9618059396743774,0.060390520840883255,0.992103099822998
944,0.2927910089492798,0.962027370929718,0.05538700148463249,0.9927560687065125
945,0.29397642612457275,0.9618499875068665,0.05834454298019409,0.9923694729804993
946,0.29262351989746094,0.9620773196220398,0.056211862713098526,0.9926480054855347
947,0.29245254397392273,0.9620864987373352,0.059985216706991196,0.9921544194221497
948,0.2929549813270569,0.962027370929718,0.05982420593500137,0.9921749234199524
949,0.294784277677536,0.9617759585380554,0.05743677541613579,0.992490291595459
