epoch,loss,mean_absolute_percentage_error,r_squared,val_loss,val_mean_absolute_percentage_error,val_r_squared
0,1.4619921445846558,28325360.0,-7.732519149780273,0.7880319952964783,23752828.0,-3.596473217010498
1,1.2159767150878906,45880132.0,-6.540596008300781,0.7304469347000122,25409232.0,-3.257288932800293
2,1.0319297313690186,43971388.0,-5.198354244232178,0.7611303925514221,25926456.0,-3.4393653869628906
3,0.9194772839546204,46889152.0,-4.638101577758789,0.7886923551559448,26494010.0,-3.6028895378112793
4,0.8080586791038513,47786648.0,-3.7725791931152344,0.858422577381134,26374404.0,-4.014711380004883
5,0.7519977688789368,48437944.0,-3.4346325397491455,0.8679636120796204,27002894.0,-4.074282646179199
6,0.6922462582588196,49649612.0,-3.442842721939087,0.8574957847595215,27848862.0,-4.016051769256592
7,0.6666029691696167,52457100.0,-2.9715688228607178,0.9456436634063721,27001220.0,-4.537480354309082
8,0.6176062226295471,53371188.0,-2.709066152572632,0.9253768920898438,27707066.0,-4.421588897705078
9,0.5966144800186157,52662176.0,-2.600252389907837,0.9492607712745667,27519382.0,-4.564244270324707
10,0.5790547132492065,53936648.0,-2.3656463623046875,0.953224778175354,27740882.0,-4.592820644378662
11,0.5493098497390747,51643572.0,-2.2205467224121094,0.9718791842460632,27871966.0,-4.704774856567383
12,0.5361681580543518,53179368.0,-2.1606218814849854,0.9358394742012024,28646054.0,-4.4948930740356445
13,0.51496821641922,55457816.0,-2.016162872314453,0.99864262342453,27844048.0,-4.866015434265137
14,0.5159338116645813,55124220.0,-2.031418800354004,0.95582515001297,28511628.0,-4.614185333251953
15,0.4945138692855835,55817704.0,-1.9222142696380615,0.9519700407981873,28559334.0,-4.5920562744140625
16,0.46843984723091125,56459516.0,-1.7409439086914062,0.946700394153595,28540358.0,-4.563442230224609
17,0.4691491425037384,55131000.0,-1.7761679887771606,0.9461870193481445,28547830.0,-4.560939788818359
18,0.4575975835323334,54763288.0,-1.701113224029541,0.9675172567367554,28085376.0,-4.690519332885742
19,0.4494936168193817,53619628.0,-1.6300101280212402,0.9619069695472717,28194942.0,-4.65864896774292
20,0.437957763671875,54986460.0,-1.6226863861083984,0.9337477087974548,28519378.0,-4.494690895080566
21,0.4278320372104645,55136688.0,-1.5351688861846924,0.9020262956619263,28994418.0,-4.308379173278809
22,0.4364974796772003,56852052.0,-1.6578325033187866,0.9100361466407776,28685552.0,-4.357046127319336
23,0.4127388298511505,53933192.0,-1.427988886833191,0.9077596664428711,28632712.0,-4.344160079956055
24,0.4186360239982605,56820616.0,-1.4378575086593628,0.8853015899658203,28836604.0,-4.213888168334961
25,0.40831103920936584,55079524.0,-1.4383749961853027,0.8537169694900513,29128148.0,-4.027487277984619
26,0.40555086731910706,55799036.0,-1.3985670804977417,0.8665726184844971,28814824.0,-4.103153228759766
27,0.39882993698120117,56898468.0,-1.3565623760223389,0.8573660254478455,28859042.0,-4.048942565917969
28,0.383021742105484,54450504.0,-1.2622082233428955,0.8375087380409241,29019504.0,-3.9317002296447754
29,0.38155362010002136,54055700.0,-1.2638580799102783,0.8296822905540466,29061340.0,-3.8856828212738037
30,0.3693796694278717,54257612.0,-1.1630288362503052,0.8044720888137817,29362548.0,-3.735745668411255
31,0.37426361441612244,56087420.0,-1.3391191959381104,0.817545473575592,29136896.0,-3.812631607055664
32,0.35451674461364746,54933620.0,-1.1057339906692505,0.8300973773002625,28873412.0,-3.8879380226135254
33,0.3633684813976288,55830308.0,-1.2022908926010132,0.8129376769065857,29101132.0,-3.7875239849090576
34,0.35334065556526184,54224624.0,-1.0616545677185059,0.8049265146255493,29200710.0,-3.741218328475952
35,0.34696266055107117,56208188.0,-1.0626204013824463,0.7898381948471069,29342838.0,-3.651031255722046
36,0.34800294041633606,56594592.0,-1.0355676412582397,0.7696634531021118,29547118.0,-3.5339763164520264
37,0.3380129337310791,54147972.0,-1.044528841972351,0.7723519206047058,29449568.0,-3.5495450496673584
38,0.34567713737487793,55970320.0,-1.0179839134216309,0.7683583498001099,29395468.0,-3.5266823768615723
39,0.3252304494380951,52679708.0,-0.9893497824668884,0.7339597940444946,29767084.0,-3.32365083694458
40,0.32955384254455566,55397880.0,-0.966563880443573,0.7390117645263672,29605016.0,-3.353858470916748
41,0.3197113573551178,53290820.0,-0.9214830994606018,0.736315906047821,29561498.0,-3.3383421897888184
42,0.33493444323539734,54679744.0,-0.9705793857574463,0.7425838112831116,29407824.0,-3.3749642372131348
43,0.32546862959861755,52860028.0,-0.9246057271957397,0.704838216304779,29959240.0,-3.151656150817871
44,0.3232925832271576,53292816.0,-0.916901171207428,0.6914108395576477,30109562.0,-3.0724024772644043
45,0.319632887840271,53370344.0,-0.8622011542320251,0.7039010524749756,29874360.0,-3.146608829498291
46,0.31864669919013977,54436652.0,-0.9036696553230286,0.6694841384887695,30279120.0,-2.9446909427642822
47,0.3047400712966919,53173688.0,-0.7918860912322998,0.6787428259849548,30018590.0,-2.9989242553710938
48,0.3003928065299988,52877240.0,-0.7506073713302612,0.6675530076026917,30071720.0,-2.93346905708313
49,0.30202940106391907,54179168.0,-0.7841190099716187,0.6567118763923645,30189480.0,-2.8686091899871826
50,0.30125004053115845,52828976.0,-0.7587856650352478,0.6508961319923401,30177754.0,-2.8339147567749023
51,0.2941378057003021,52663988.0,-0.7164888381958008,0.6446620225906372,30195952.0,-2.798274040222168
52,0.282222718000412,50996496.0,-0.640471339225769,0.6230969429016113,30387246.0,-2.6722545623779297
53,0.2923993766307831,52793812.0,-0.774357259273529,0.6332128047943115,30159372.0,-2.7311928272247314
54,0.2904159128665924,50878504.0,-0.7038186192512512,0.6266485452651978,30262176.0,-2.694957733154297
55,0.28771451115608215,51887964.0,-0.7170976996421814,0.6272780895233154,30280664.0,-2.699948310852051
56,0.2761147618293762,51711136.0,-0.642362654209137,0.6081611514091492,30488078.0,-2.5880658626556396
57,0.2868610918521881,53362172.0,-0.6920051574707031,0.6028733253479004,30509698.0,-2.5571208000183105
58,0.2708773612976074,51876824.0,-0.5928729772567749,0.5989107489585876,30511016.0,-2.534754753112793
59,0.2745342552661896,52202316.0,-0.6138055324554443,0.583691418170929,30652876.0,-2.4463648796081543
60,0.2672373354434967,52849236.0,-0.5785137414932251,0.5760852098464966,30683242.0,-2.401759624481201
61,0.27541837096214294,53389880.0,-0.6097456216812134,0.5899229645729065,30419178.0,-2.482581377029419
62,0.26834943890571594,51304668.0,-0.5781289339065552,0.5831602811813354,30360032.0,-2.442887544631958
63,0.26412588357925415,50712204.0,-0.5612086057662964,0.5595698952674866,30633556.0,-2.303934097290039
64,0.26927146315574646,51917384.0,-0.5860779881477356,0.5668309926986694,30489442.0,-2.3466553688049316
65,0.26818984746932983,52031000.0,-0.5675667524337769,0.5666201710700989,30463602.0,-2.346864700317383
66,0.2673501670360565,52582464.0,-0.6066032648086548,0.5604649186134338,30514430.0,-2.3113977909088135
67,0.2534061670303345,50559388.0,-0.4790785014629364,0.543056845664978,30649940.0,-2.209440231323242
68,0.24581576883792877,50601436.0,-0.461983323097229,0.5208320021629333,30868566.0,-2.079901695251465
69,0.26254764199256897,50974872.0,-0.5641792416572571,0.5270512104034424,30799318.0,-2.1170644760131836
70,0.2500351071357727,50918692.0,-0.45218929648399353,0.5283575654029846,30698506.0,-2.1245946884155273
71,0.2603049576282501,51209076.0,-0.5447118282318115,0.5305535197257996,30519042.0,-2.137991428375244
72,0.234971284866333,50092588.0,-0.3828086256980896,0.5179575681686401,30575350.0,-2.062317371368408
73,0.23783522844314575,50059052.0,-0.3813254237174988,0.5147567987442017,30549144.0,-2.0430409908294678
74,0.24294397234916687,49383132.0,-0.4334143400192261,0.5013085007667542,30596808.0,-1.9633841514587402
75,0.2418583482503891,49682060.0,-0.42489397525787354,0.4970174729824066,30655534.0,-1.9368789196014404
76,0.24674943089485168,50020544.0,-0.5004374980926514,0.5023396611213684,30580990.0,-1.9677177667617798
77,0.2440977543592453,50720516.0,-0.46535852551460266,0.4679810702800751,30962342.0,-1.7659707069396973
78,0.23742273449897766,48074324.0,-0.42779701948165894,0.4908626973628998,30685310.0,-1.9012465476989746
79,0.23452988266944885,49790856.0,-0.37256893515586853,0.46890518069267273,31016436.0,-1.7724992036819458
80,0.2382505238056183,50256156.0,-0.40151670575141907,0.4833545684814453,30840298.0,-1.8579785823822021
81,0.24070163071155548,50585432.0,-0.41977182030677795,0.4582480192184448,31140216.0,-1.711654543876648
82,0.2327478677034378,49987724.0,-0.4010290801525116,0.4660426080226898,30966472.0,-1.7584004402160645
83,0.2275122106075287,49349092.0,-0.32878589630126953,0.4563487768173218,30979484.0,-1.7019476890563965
84,0.23725196719169617,49882336.0,-0.39521434903144836,0.4686497151851654,30778786.0,-1.774176001548767
85,0.22233639657497406,47977140.0,-0.3287982642650604,0.4573741555213928,30911214.0,-1.7065463066101074
86,0.23009568452835083,49801832.0,-0.3368280231952667,0.4478512108325958,30958846.0,-1.6503803730010986
87,0.2247677445411682,48993708.0,-0.3271956741809845,0.43120837211608887,31085564.0,-1.5519587993621826
88,0.22623948752880096,49192916.0,-0.41716480255126953,0.43137961626052856,31049100.0,-1.5523525476455688
89,0.22443848848342896,48667748.0,-0.3100833296775818,0.427642285823822,31115306.0,-1.5298725366592407
90,0.22297200560569763,49423364.0,-0.30297282338142395,0.4444504976272583,30851132.0,-1.6285135746002197
91,0.2258140742778778,49151300.0,-0.37564152479171753,0.43116921186447144,30943654.0,-1.5497173070907593
92,0.22202931344509125,48486460.0,-0.30639126896858215,0.41363948583602905,31096324.0,-1.4469205141067505
93,0.21727195382118225,48986116.0,-0.2807421088218689,0.4155905246734619,31022192.0,-1.4601060152053833
94,0.2154918760061264,48660860.0,-0.2924085259437561,0.41059577465057373,31064354.0,-1.4301787614822388
95,0.21768364310264587,48904096.0,-0.2736617624759674,0.4143589437007904,30905572.0,-1.451818823814392
96,0.20348551869392395,47259388.0,-0.21054325997829437,0.40424543619155884,30976158.0,-1.3919157981872559
97,0.21147292852401733,47441684.0,-0.2384657859802246,0.4049462080001831,30932662.0,-1.3962764739990234
98,0.210690438747406,47071784.0,-0.22877494990825653,0.39627715945243835,31010974.0,-1.3452991247177124
99,0.2078351378440857,47333704.0,-0.24438826739788055,0.3788207769393921,31258628.0,-1.2430452108383179
100,0.20830786228179932,45936252.0,-0.24032221734523773,0.38353830575942993,31156198.0,-1.2711906433105469
101,0.2040954828262329,45968660.0,-0.19758793711662292,0.3833673894405365,31141266.0,-1.2699347734451294
102,0.20898599922657013,47456664.0,-0.2606827914714813,0.37502792477607727,31228398.0,-1.2217899560928345
103,0.20044654607772827,46290500.0,-0.18086570501327515,0.37841179966926575,31192298.0,-1.2414093017578125
104,0.19934412837028503,46147160.0,-0.188547283411026,0.36318841576576233,31342990.0,-1.1517815589904785
105,0.2084088772535324,47092788.0,-0.2145998626947403,0.3765517473220825,31116538.0,-1.2300864458084106
106,0.2009306401014328,46525380.0,-0.1842721849679947,0.3661740720272064,31174462.0,-1.1697471141815186
107,0.20104898512363434,45266680.0,-0.1790146827697754,0.37768062949180603,30931672.0,-1.2364821434020996
108,0.20287494361400604,46556656.0,-0.21556439995765686,0.35030660033226013,31227388.0,-1.0753833055496216
109,0.19584301114082336,46600528.0,-0.1524202674627304,0.3548983931541443,31114016.0,-1.1017539501190186
110,0.19940534234046936,45631600.0,-0.15722133219242096,0.33830106258392334,31265268.0,-1.003440022468567
111,0.19689442217350006,45000200.0,-0.1742745190858841,0.3653717637062073,30795638.0,-1.163282036781311
112,0.1925472617149353,44977052.0,-0.1403668224811554,0.3324033319950104,31109776.0,-0.9689358472824097
113,0.19465309381484985,45584920.0,-0.15573914349079132,0.32890841364860535,30988594.0,-0.9471932649612427
114,0.19546718895435333,44046228.0,-0.16549798846244812,0.3202762007713318,31032696.0,-0.8957988023757935
115,0.19353413581848145,44440052.0,-0.13118693232536316,0.3158127963542938,30935082.0,-0.8689225912094116
116,0.19324758648872375,44983852.0,-0.14674922823905945,0.2969602346420288,31045320.0,-0.7582025527954102
117,0.1865082085132599,43498704.0,-0.12831823527812958,0.3101891875267029,30665194.0,-0.8352304697036743
118,0.19712072610855103,44298108.0,-0.18571120500564575,0.3003352880477905,30682310.0,-0.7775224447250366
119,0.18707029521465302,43890348.0,-0.10303790867328644,0.2988503873348236,30599442.0,-0.768585741519928
120,0.18558548390865326,42456388.0,-0.13557712733745575,0.30639898777008057,30183450.0,-0.8131016492843628
121,0.1775815337896347,42071880.0,-0.05036807805299759,0.28137150406837463,30281564.0,-0.6659584641456604
122,0.1813189685344696,42119652.0,-0.06699002534151077,0.2800360321998596,29958184.0,-0.6579468250274658
123,0.1779608428478241,41261152.0,-0.056267526000738144,0.28292879462242126,29482892.0,-0.6744641065597534
124,0.18320158123970032,41550100.0,-0.06649792939424515,0.28232312202453613,29164402.0,-0.6710794568061829
125,0.18023544549942017,40976568.0,-0.06483439356088638,0.2725243866443634,28778716.0,-0.6120480298995972
126,0.17531822621822357,41306380.0,-0.03657466545701027,0.2660025954246521,28104424.0,-0.5743236541748047
127,0.17125318944454193,38404376.0,-0.014003543183207512,0.2564050257205963,27739670.0,-0.5180804133415222
128,0.17830461263656616,38314872.0,-0.07213445007801056,0.26585644483566284,26946234.0,-0.5734668970108032
129,0.17436496913433075,39507808.0,-0.057967640459537506,0.25482991337776184,26303828.0,-0.5085284113883972
130,0.17607325315475464,39208808.0,-0.028773069381713867,0.25513625144958496,25211844.0,-0.5097523927688599
131,0.17248660326004028,36833280.0,-0.04921029135584831,0.24587051570415497,24281520.0,-0.45513513684272766
132,0.16802768409252167,34694008.0,-0.08080749213695526,0.23485609889030457,23407170.0,-0.3895284831523895
133,0.15862420201301575,32255036.0,0.011648898012936115,0.23944474756717682,21635694.0,-0.4154585301876068
134,0.16669084131717682,35052704.0,0.007370934821665287,0.23111021518707275,19925636.0,-0.36500197649002075
135,0.16484053432941437,32886974.0,0.032276418060064316,0.22091083228588104,18961804.0,-0.3040692210197449
136,0.14897914230823517,29978040.0,0.11919797956943512,0.20452003180980682,17783714.0,-0.20663586258888245
137,0.14986969530582428,29401200.0,0.10963638126850128,0.2120947390794754,15814979.0,-0.24986813962459564
138,0.15048836171627045,27890878.0,0.07179241627454758,0.20382846891880035,14409236.0,-0.19931383430957794
139,0.15394935011863708,26006886.0,0.09543810784816742,0.19927436113357544,13209638.0,-0.17114828526973724
140,0.15334153175354004,25826398.0,0.09355910122394562,0.19386285543441772,12094574.0,-0.13767686486244202
141,0.1443123072385788,23961914.0,0.15581241250038147,0.19377771019935608,11008076.0,-0.1357334852218628
142,0.1436946541070938,23686642.0,0.09492690116167068,0.1832941621541977,10235934.0,-0.07281740009784698
143,0.14052347838878632,22263500.0,0.15548335015773773,0.17449036240577698,9623053.0,-0.02001810073852539
144,0.13775645196437836,21083870.0,0.1931334137916565,0.17110276222229004,8875087.0,0.00019913911819458008
145,0.13528212904930115,21854974.0,0.19553834199905396,0.18711750209331512,6818247.5,-0.09110070765018463
146,0.1370442658662796,18379778.0,0.16703738272190094,0.17807155847549438,6495953.0,-0.03698757290840149
147,0.1359831839799881,19340224.0,0.18353258073329926,0.1593957096338272,6416331.5,0.07294893264770508
148,0.1299208700656891,18872320.0,0.22118225693702698,0.17396636307239532,4898355.0,-0.011713340878486633
149,0.12837734818458557,14753125.0,0.25637200474739075,0.16397804021835327,4985821.0,0.045927926898002625
150,0.1293991208076477,16176835.0,0.20258492231369019,0.1583348959684372,4593840.5,0.0794191062450409
151,0.12726645171642303,15655996.0,0.21912656724452972,0.15354293584823608,4082379.75,0.10814058780670166
152,0.12544476985931396,13537938.0,0.24506601691246033,0.15731650590896606,3734321.5,0.08649182319641113
153,0.12473715841770172,13520862.0,0.23418428003787994,0.15713070333003998,3611484.25,0.08797587454319
154,0.11941065639257431,14814817.0,0.26735079288482666,0.13920293748378754,3513177.0,0.19311320781707764
155,0.11947199702262878,13101645.0,0.28818637132644653,0.1409820318222046,3355983.5,0.18334414064884186
156,0.11687880009412766,12457091.0,0.3108534812927246,0.14174658060073853,3213495.0,0.17952917516231537
157,0.1152379959821701,12867236.0,0.32878538966178894,0.14629052579402924,2839918.0,0.15323267877101898
158,0.11889752745628357,13524996.0,0.29091331362724304,0.14433403313159943,2518155.5,0.1646345555782318
159,0.11521704494953156,11065153.0,0.3077163100242615,0.12907008826732635,2498354.0,0.2541123628616333
160,0.11444713920354843,13047879.0,0.3118617832660675,0.1335248500108719,2174918.75,0.2282220870256424
161,0.10939738154411316,10321605.0,0.34475982189178467,0.13186074793338776,2138709.0,0.23799635469913483
162,0.11280310153961182,8672074.0,0.32301488518714905,0.12883539497852325,2128857.75,0.2555546760559082
163,0.11071854829788208,10766425.0,0.3538801074028015,0.13753601908683777,1715883.625,0.2043045163154602
164,0.10886023938655853,9772564.0,0.3585023880004883,0.1226765513420105,1872971.5,0.2914356589317322
165,0.10499145090579987,8089142.0,0.3835175931453705,0.122349813580513,1869442.625,0.2930285930633545
166,0.10370927304029465,9094048.0,0.3751792311668396,0.11931033432483673,1988763.125,0.3108678460121155
167,0.09834904968738556,8863961.0,0.40066611766815186,0.11650607734918594,1828840.5,0.32739073038101196
168,0.10415962338447571,8507205.0,0.38419777154922485,0.11957399547100067,1543200.625,0.3094184994697571
169,0.10409116744995117,8132320.0,0.3700242042541504,0.10748087614774704,1616781.625,0.38018274307250977
170,0.10038120299577713,7452681.0,0.40863463282585144,0.10809896886348724,1424574.625,0.3767414689064026
171,0.09786541014909744,6842246.5,0.41573667526245117,0.11119730025529861,1289090.5,0.358446329832077
172,0.09706372767686844,6915157.0,0.4055967330932617,0.10801173001527786,1211340.625,0.37687933444976807
173,0.09641896188259125,8184252.5,0.4192243218421936,0.1031121239066124,994605.5,0.4051152467727661
174,0.09596244245767593,6311669.5,0.41643190383911133,0.09679733961820602,1198647.875,0.4418836832046509
175,0.09441260993480682,6315764.0,0.44132429361343384,0.1011689230799675,1196650.75,0.4160294830799103
176,0.09494078904390335,7303567.5,0.39740312099456787,0.098041832447052,1272248.75,0.4341658353805542
177,0.0920570120215416,6368447.0,0.45850181579589844,0.09892293065786362,1080103.25,0.4287669062614441
178,0.0943656638264656,7168109.5,0.44936615228652954,0.09483522176742554,822070.8125,0.45255783200263977
179,0.09235172718763351,4963654.5,0.4316768944263458,0.08995769917964935,883297.75,0.480787992477417
180,0.08706420660018921,5040999.0,0.48088008165359497,0.09174123406410217,720400.5625,0.4701409339904785
181,0.08965107053518295,6393802.0,0.46929794549942017,0.09047996997833252,682843.1875,0.4774373173713684
182,0.0911555141210556,4580279.0,0.44530054926872253,0.08968205749988556,704971.625,0.482245534658432
183,0.08935260027647018,4822343.0,0.4793507754802704,0.08703809231519699,741593.875,0.4981439411640167
184,0.0878148302435875,5061395.0,0.4644056558609009,0.08478007465600967,861709.0,0.5117287635803223
185,0.08423381298780441,4039847.5,0.4986409544944763,0.08755934983491898,768489.1875,0.49543702602386475
186,0.09032904356718063,4892627.0,0.4651840329170227,0.0860074833035469,845614.3125,0.5048146843910217
187,0.08315980434417725,4592399.5,0.4988040328025818,0.08227939903736115,737802.3125,0.5265092849731445
188,0.08435486257076263,4817940.5,0.4951740503311157,0.08146107196807861,627345.0625,0.5312719941139221
189,0.08382964879274368,5464652.0,0.4935222864151001,0.0812760442495346,536678.75,0.5323981046676636
190,0.0846434012055397,4466116.5,0.48936623334884644,0.07649953663349152,555263.375,0.5601466298103333
191,0.08185932040214539,4683579.0,0.521763265132904,0.077253058552742,527282.75,0.5557986497879028
192,0.08360469341278076,5031426.5,0.49021750688552856,0.07676880061626434,521938.9375,0.5585994720458984
193,0.07836606353521347,3659108.25,0.5458234548568726,0.06904654204845428,521518.71875,0.603598952293396
194,0.07991135865449905,3934448.0,0.5151672959327698,0.07521684467792511,481292.59375,0.567626953125
195,0.07959391921758652,3584373.5,0.534138560295105,0.06774415820837021,486080.46875,0.6112412810325623
196,0.07792671769857407,4328547.0,0.5448774099349976,0.07012525945901871,444737.65625,0.5975321531295776
197,0.07706194370985031,3711438.0,0.5451484322547913,0.06985647976398468,424720.90625,0.5992491245269775
198,0.07872094213962555,4071951.75,0.5392852425575256,0.06856898963451385,444120.75,0.60695481300354
199,0.07885756343603134,3601318.25,0.505031943321228,0.06274698674678802,438001.53125,0.6406800150871277
200,0.07774608582258224,4210217.5,0.5303318500518799,0.06679052114486694,428246.3125,0.6172952651977539
201,0.07600463926792145,2587222.25,0.5386964678764343,0.06053852662444115,462098.15625,0.6537885665893555
202,0.07194559276103973,2552267.0,0.5547854900360107,0.06530119478702545,458142.8125,0.6262768507003784
203,0.0776447281241417,4816895.0,0.5384436845779419,0.05793583765625954,475422.90625,0.6689430475234985
204,0.07326827198266983,3059658.0,0.5683348774909973,0.060172487050294876,473233.8125,0.6562246084213257
205,0.07312294840812683,2779571.0,0.5656243562698364,0.05935364216566086,485400.75,0.6608847379684448
206,0.07385532557964325,4055283.0,0.5616155862808228,0.05551425367593765,489719.78125,0.6832714676856995
207,0.07347054034471512,3421290.75,0.5544125437736511,0.05770134925842285,422451.40625,0.6705243587493896
208,0.07210229337215424,3279343.75,0.5727933645248413,0.054037775844335556,407521.96875,0.6918016076087952
209,0.06851831078529358,2276331.25,0.5927388072013855,0.055534977465867996,400940.40625,0.6831438541412354
210,0.06943195313215256,3147759.25,0.5930911302566528,0.05122256651520729,380295.53125,0.7082924246788025
211,0.0708007887005806,3122777.25,0.580234944820404,0.05186574533581734,342644.375,0.7044373154640198
212,0.06736195832490921,3226558.5,0.5929726362228394,0.04832246154546738,329360.53125,0.7249947786331177
213,0.0680835172533989,2737487.0,0.5959479808807373,0.050990719348192215,354854.34375,0.7094756364822388
214,0.07085937261581421,3200911.0,0.5757325887680054,0.049967210739851,368853.59375,0.7155042290687561
215,0.06642437726259232,2210572.75,0.609127402305603,0.049598827958106995,349156.4375,0.7176237106323242
216,0.06981237977743149,2783059.0,0.5839803218841553,0.04620983824133873,315735.65625,0.7370928525924683
217,0.06780087202787399,2174300.75,0.5854753255844116,0.04608431085944176,288861.125,0.7377907037734985
218,0.06636521220207214,1724607.75,0.610421895980835,0.04689692705869675,291225.375,0.733176589012146
219,0.06536874920129776,2542475.75,0.6058734059333801,0.04434003680944443,245593.921875,0.7481046915054321
220,0.06657400727272034,2939046.5,0.5841181874275208,0.04124687984585762,205541.96875,0.7660422325134277
221,0.06741814315319061,2661566.75,0.5913404226303101,0.04299313947558403,172983.703125,0.7559894323348999
222,0.06347411125898361,1899154.0,0.601256787776947,0.039928410202264786,189824.375,0.7738710045814514
223,0.062079694122076035,2493456.5,0.629104495048523,0.04211514815688133,173594.796875,0.7612828612327576
224,0.06388283520936966,2335281.0,0.6250379085540771,0.04137009009718895,158781.3125,0.7654845118522644
225,0.06366924196481705,1805332.625,0.6237425208091736,0.03960186615586281,192340.078125,0.7757799625396729
226,0.06605086475610733,2599249.0,0.6132751107215881,0.03661879524588585,173066.515625,0.7930997610092163
227,0.06285163760185242,1986605.75,0.6295472383499146,0.03921056166291237,179437.59375,0.7781875729560852
228,0.05996435508131981,3083948.25,0.6217790842056274,0.03638193756341934,164018.75,0.7943733930587769
229,0.06356313824653625,1877624.25,0.617936372756958,0.03669047728180885,150138.46875,0.7925443649291992
230,0.062007203698158264,1741830.75,0.6268317103385925,0.035918883979320526,138796.671875,0.7969779968261719
231,0.06251343339681625,1871094.625,0.6269091367721558,0.03435937315225601,108503.546875,0.805938720703125
232,0.060535628348588943,2872508.0,0.636419415473938,0.03638412430882454,72323.984375,0.7942768335342407
233,0.06141858175396919,1662520.625,0.6279926300048828,0.03334666043519974,89516.8359375,0.8117455244064331
234,0.059665799140930176,2671842.0,0.6189953684806824,0.031499363481998444,96747.84375,0.8223745226860046
235,0.06123822182416916,1961389.875,0.6368653774261475,0.0333566777408123,104503.1484375,0.8117757439613342
236,0.0569140799343586,2234366.25,0.6642512679100037,0.03258083388209343,94814.6328125,0.8162552118301392
237,0.05893237516283989,2280933.5,0.6497749090194702,0.03198033198714256,98349.078125,0.8197058439254761
238,0.06328093260526657,1448285.25,0.6043355464935303,0.03243809565901756,78409.328125,0.8169662952423096
239,0.06016357243061066,1651010.125,0.6419894695281982,0.031408440321683884,57590.16796875,0.8228769302368164
240,0.060324884951114655,2185172.0,0.6442223191261292,0.03083702176809311,11684.0517578125,0.826306939125061
241,0.05636604130268097,1213220.25,0.6602972745895386,0.030198439955711365,21803.640625,0.8301888704299927
242,0.058349236845970154,1939024.125,0.6528154611587524,0.03025669977068901,7.235116004943848,0.8298899531364441
243,0.056825391948223114,2038945.375,0.6641232967376709,0.029517343267798424,7.095066547393799,0.8341778516769409
244,0.05954395979642868,2155242.25,0.6429455280303955,0.029858654364943504,7.143757343292236,0.8322048187255859
245,0.056296441704034805,2186284.5,0.6615598201751709,0.028000907972455025,6.857264041900635,0.8427218198776245
246,0.05627286806702614,1653607.75,0.6628029346466064,0.0279238298535347,6.862425804138184,0.8431422114372253
247,0.056763727217912674,984594.125,0.6699524521827698,0.028747553005814552,6.998425483703613,0.8383715748786926
248,0.0587015263736248,2459514.5,0.643744707107544,0.027810296043753624,6.865959167480469,0.8437063097953796
249,0.056690629571676254,1773212.0,0.6627444624900818,0.026216043159365654,6.611833572387695,0.852773904800415
250,0.05551668256521225,2150365.0,0.6678327322006226,0.025865521281957626,6.594816207885742,0.8545655012130737
251,0.05510042607784271,1444118.5,0.6694484353065491,0.02554451860487461,6.521835803985596,0.8563676476478577
252,0.05492059513926506,1106276.625,0.6729180216789246,0.0274017546325922,6.798338890075684,0.8458272814750671
253,0.05521881580352783,1892646.0,0.679350733757019,0.026143500581383705,6.614922046661377,0.852983832359314
254,0.0530928298830986,783427.1875,0.6794745326042175,0.025323109701275826,6.478762149810791,0.8576531410217285
255,0.05538143590092659,1580440.5,0.6786724328994751,0.02418999932706356,6.256095886230469,0.8643079400062561
256,0.055359095335006714,2265208.5,0.6709843277931213,0.025920690968632698,6.526139736175537,0.8545668125152588
257,0.053820546716451645,889508.375,0.6780568361282349,0.02415148913860321,6.212347984313965,0.8647652864456177
258,0.05687139183282852,2537351.5,0.6573355793952942,0.024269666522741318,6.249730587005615,0.8640227913856506
259,0.054411739110946655,1674155.75,0.6850693225860596,0.02543487586081028,6.460186004638672,0.857258677482605
260,0.05310281366109848,1205475.75,0.6796466112136841,0.023342765867710114,6.084804534912109,0.869321346282959
261,0.05448377877473831,2172343.75,0.6795117259025574,0.02425641380250454,6.222894668579102,0.8640868663787842
262,0.05445999279618263,2138714.25,0.6441102623939514,0.023118440061807632,6.0661492347717285,0.870499312877655
263,0.05301707610487938,1234667.125,0.6856117248535156,0.02281985618174076,6.059397220611572,0.8720711469650269
264,0.05430412292480469,1645446.0,0.6734995245933533,0.022950833663344383,6.079922199249268,0.871478796005249
265,0.052779119461774826,2585615.75,0.6795262098312378,0.02200123853981495,5.946285724639893,0.8768364191055298
266,0.05104779452085495,1211243.75,0.6921911835670471,0.02226324751973152,5.989511013031006,0.8753188848495483
267,0.05016086623072624,997800.6875,0.7038456201553345,0.022466786205768585,5.989960193634033,0.8741465210914612
268,0.052494436502456665,959334.5,0.6845000386238098,0.022406212985515594,5.972593784332275,0.8746192455291748
269,0.051313672214746475,1397805.5,0.6915253400802612,0.02091008424758911,5.675920486450195,0.8832685947418213
270,0.053149688988924026,1641883.375,0.685461163520813,0.020692819729447365,5.627311706542969,0.8844473361968994
271,0.05206781253218651,1694335.125,0.6906766295433044,0.021489476785063744,5.756097316741943,0.8799527883529663
272,0.04943198710680008,1362029.75,0.7078627347946167,0.020058931782841682,5.503291130065918,0.8880189657211304
273,0.04879968240857124,1342144.375,0.710003137588501,0.02129361219704151,5.724266529083252,0.8809874057769775
274,0.050298020243644714,508435.03125,0.7019363641738892,0.020389556884765625,5.573089122772217,0.8861437439918518
275,0.050690632313489914,1165230.5,0.703771710395813,0.021961502730846405,5.830714702606201,0.877209484577179
276,0.05018864572048187,764496.9375,0.6941906809806824,0.020031441003084183,5.468857765197754,0.8883152008056641
277,0.05018270015716553,529074.0,0.696669340133667,0.021165965124964714,5.644283771514893,0.8820111155509949
278,0.049084294587373734,614891.9375,0.6719030141830444,0.02028409205377102,5.47493314743042,0.8871103525161743
279,0.04936477914452553,444156.0,0.7052395343780518,0.019694136455655098,5.451935291290283,0.8902466297149658
280,0.04988468810915947,1882927.625,0.7039433717727661,0.0201617032289505,5.559597969055176,0.8875055909156799
281,0.04914368689060211,978573.4375,0.710307240486145,0.019161133095622063,5.381490707397461,0.8931533694267273
282,0.05014829337596893,1814967.125,0.6997026801109314,0.020188970491290092,5.522832870483398,0.8873969912528992
283,0.04942218214273453,976401.9375,0.7069234251976013,0.01993461512029171,5.476758003234863,0.8888593316078186
284,0.04703689366579056,475680.84375,0.6708411574363708,0.01869230903685093,5.241175651550293,0.8959328532218933
285,0.048792555928230286,205958.375,0.7069657444953918,0.01862233877182007,5.24522590637207,0.8963386416435242
286,0.047133918851614,1253223.25,0.7198486328125,0.0193613413721323,5.435733318328857,0.8921045064926147
287,0.047214947640895844,922810.625,0.7110370993614197,0.020145419985055923,5.592117786407471,0.887646496295929
288,0.04726513475179672,1143417.875,0.7223808765411377,0.018853027373552322,5.349832534790039,0.8950774669647217
289,0.046502090990543365,698557.625,0.720246434211731,0.01874648407101631,5.347275733947754,0.8957020044326782
290,0.04656418040394783,640369.9375,0.7223242521286011,0.017693443223834038,5.1782755851745605,0.9016721248626709
291,0.04921850934624672,776314.5625,0.7003882527351379,0.01777827739715576,5.239914417266846,0.9010568261146545
292,0.04533270001411438,687285.5,0.7282088398933411,0.018345342949032784,5.345005989074707,0.8977818489074707
293,0.04685032740235329,637082.25,0.7198603749275208,0.01567673683166504,4.789717674255371,0.9128829836845398
294,0.04674499109387398,1130147.0,0.7200720906257629,0.017411092296242714,5.115597724914551,0.9030313491821289
295,0.04611976817250252,416374.0,0.7260017395019531,0.01719619147479534,5.043496608734131,0.9042866826057434
296,0.047547873109579086,1187629.75,0.701797604560852,0.01712883822619915,5.0484442710876465,0.9047514200210571
297,0.047351572662591934,1730272.625,0.7216936945915222,0.0177241712808609,5.1303324699401855,0.9014920592308044
298,0.04857707768678665,941297.6875,0.7102364301681519,0.01594303920865059,4.750432968139648,0.9115707874298096
299,0.04645898565649986,935490.0,0.7213652729988098,0.01675182208418846,4.913177013397217,0.9070551991462708
300,0.04484885185956955,564014.0625,0.7264822721481323,0.017909644171595573,5.092782974243164,0.9005675315856934
301,0.04710923507809639,925616.4375,0.7217839360237122,0.018780022859573364,5.23120641708374,0.8957223296165466
302,0.04648052155971527,1050511.625,0.7212544679641724,0.01736462675035,4.958621501922607,0.9038600921630859
303,0.04378360137343407,937187.5625,0.7389811873435974,0.016010722145438194,4.765023708343506,0.9114614725112915
304,0.04744350165128708,1045228.875,0.71731036901474,0.01682746782898903,4.958263397216797,0.9068393707275391
305,0.045734427869319916,671331.0625,0.7200331091880798,0.016563892364501953,4.8821563720703125,0.9084761142730713
306,0.043294984847307205,701522.25,0.7456811666488647,0.017463037744164467,5.0270209312438965,0.9034256935119629
307,0.044066719710826874,825912.1875,0.7368746995925903,0.015853678807616234,4.75124454498291,0.9123557806015015
308,0.046336643397808075,1364734.0,0.7236325740814209,0.014812168665230274,4.583145618438721,0.9181309938430786
309,0.04398857429623604,471481.03125,0.7380062937736511,0.015887608751654625,4.805308818817139,0.9121116995811462
310,0.04190491512417793,317596.78125,0.7457704544067383,0.015663515776395798,4.742751598358154,0.913412868976593
311,0.04287968948483467,627522.6875,0.7285592555999756,0.015596972778439522,4.720975875854492,0.9138280749320984
312,0.04302695393562317,470398.71875,0.7466792464256287,0.014711795374751091,4.546114921569824,0.9188815951347351
313,0.04357040300965309,675367.5,0.7357213497161865,0.01573988050222397,4.7664337158203125,0.9131003618240356
314,0.04594613239169121,1329650.625,0.7202308177947998,0.017006240785121918,4.96494722366333,0.9059164524078369
315,0.04421255365014076,295123.4375,0.7315539717674255,0.016321534290909767,4.784404277801514,0.9097865223884583
316,0.04556434974074364,639023.125,0.7186757326126099,0.01657019555568695,4.802242755889893,0.9083879590034485
317,0.044936567544937134,568072.875,0.7180917263031006,0.016229182481765747,4.716244220733643,0.9103268384933472
318,0.044598739594221115,1011320.125,0.720280110836029,0.015272581949830055,4.53877067565918,0.9156273603439331
319,0.04471871256828308,1377667.0,0.7225053310394287,0.014508587308228016,4.4755473136901855,0.919854998588562
320,0.044987116008996964,408253.375,0.7222128510475159,0.01518561877310276,4.649431228637695,0.916047215461731
321,0.04433292895555496,1212503.75,0.7356875538825989,0.013282380066812038,4.278299331665039,0.9267154335975647
322,0.044640760868787766,805675.25,0.7232218384742737,0.014936912804841995,4.592041969299316,0.9173973202705383
323,0.0415990985929966,694957.8125,0.7507100701332092,0.01481737568974495,4.5290141105651855,0.9181386828422546
324,0.04156439006328583,613806.375,0.7536072134971619,0.014514605514705181,4.480420112609863,0.9197827577590942
325,0.0432262159883976,925407.0625,0.7449538707733154,0.014322998002171516,4.4787211418151855,0.9207354784011841
326,0.04108663648366928,688682.4375,0.7508994340896606,0.015039336867630482,4.600003242492676,0.9167143106460571
327,0.042773887515068054,619638.4375,0.7231250405311584,0.013350140303373337,4.236640930175781,0.9262455701828003
328,0.044071685522794724,430503.59375,0.7434225082397461,0.013914871960878372,4.396035671234131,0.9230706095695496
329,0.04409988224506378,601792.4375,0.7288563251495361,0.013958563096821308,4.351730823516846,0.9228559732437134
330,0.04274813458323479,678000.875,0.748728334903717,0.013721585273742676,4.306239128112793,0.9241297841072083
331,0.04444494470953941,511368.75,0.728904128074646,0.014201530255377293,4.416604518890381,0.9214449524879456
332,0.040494609624147415,654307.0,0.7586411237716675,0.014142097905278206,4.376365661621094,0.9217939972877502
333,0.043019577860832214,344504.28125,0.738703727722168,0.01477979589253664,4.474827766418457,0.9182195663452148
334,0.04313616827130318,467277.0625,0.7432935237884521,0.014508366584777832,4.4089741706848145,0.9197648167610168
335,0.0433279387652874,1127219.25,0.7413057088851929,0.013805752620100975,4.291872501373291,0.9236552119255066
336,0.04267456382513046,978169.75,0.7474266886711121,0.013593948446214199,4.264995574951172,0.9248520731925964
337,0.04370679333806038,843858.5625,0.7369699478149414,0.013328415341675282,4.226433277130127,0.9262564778327942
338,0.041515644639730453,942171.5,0.7526422739028931,0.01410704292356968,4.393174171447754,0.9218848943710327
339,0.04007226973772049,375318.4375,0.7445235848426819,0.014407108537852764,4.435150623321533,0.9201828837394714
340,0.04106111451983452,626428.5,0.7543449401855469,0.01270322035998106,4.070779800415039,0.92978435754776
341,0.04193752631545067,503914.6875,0.7529237270355225,0.01383302640169859,4.271247386932373,0.9234691262245178
342,0.03997490182518959,495635.03125,0.7581438422203064,0.013964004814624786,4.308138847351074,0.922822117805481
343,0.04098024219274521,347770.28125,0.7570729851722717,0.012707331217825413,4.087708950042725,0.9298718571662903
344,0.04087670519948006,441513.03125,0.7605113387107849,0.013631820678710938,4.292332649230957,0.9247493743896484
345,0.039525069296360016,1068828.125,0.7648372054100037,0.013752227649092674,4.305281162261963,0.9241277575492859
346,0.041255444288253784,700351.0625,0.7587073445320129,0.012834272347390652,4.133835792541504,0.9292935132980347
347,0.04143185541033745,833379.625,0.7472193241119385,0.01257217675447464,4.091441631317139,0.9306548833847046
348,0.04096395894885063,1167074.625,0.7539399266242981,0.013191626407206059,4.203396797180176,0.9271570444107056
349,0.04018022492527962,345474.375,0.760797381401062,0.011911672540009022,3.9118170738220215,0.9343417882919312
350,0.04080312326550484,361911.875,0.7613409757614136,0.012887046672403812,4.12816858291626,0.9290027022361755
351,0.0388316810131073,353458.8125,0.7650732398033142,0.01438713725656271,4.453707695007324,0.9205963015556335
352,0.04125341400504112,645761.125,0.7609358429908752,0.011643296107649803,3.912428140640259,0.9358987808227539
353,0.03974520042538643,95370.34375,0.762602686882019,0.012059015221893787,4.04499626159668,0.9335922598838806
354,0.03943933546543121,427362.9375,0.7667877674102783,0.011675229296088219,3.953002452850342,0.9358493089675903
355,0.03923949971795082,282069.21875,0.7741667628288269,0.012742988765239716,4.168766498565674,0.9299143552780151
356,0.04082559049129486,1573512.75,0.7619411945343018,0.0119633162394166,4.020510673522949,0.9342762231826782
357,0.039257604628801346,104141.796875,0.7588180303573608,0.012358706444501877,4.052359580993652,0.932097852230072
358,0.0390976220369339,311889.34375,0.7280048131942749,0.012242583557963371,3.9887888431549072,0.9327773451805115
359,0.038624297827482224,1216426.0,0.7646132707595825,0.011878718622028828,3.9065935611724854,0.9348033666610718
360,0.03892930969595909,767485.0,0.7624189853668213,0.012251577340066433,4.019618988037109,0.9326251149177551
361,0.03927027806639671,451333.875,0.7634788155555725,0.012165426276624203,4.005334854125977,0.9330636262893677
362,0.03845752403140068,261586.703125,0.772979199886322,0.012617521919310093,4.073037624359131,0.930524468421936
363,0.038679756224155426,316791.96875,0.7693498134613037,0.011663028970360756,3.8985302448272705,0.9358112812042236
364,0.04021741449832916,858051.4375,0.7519828081130981,0.014113674871623516,4.3138580322265625,0.9221205115318298
365,0.03884734585881233,294280.90625,0.7671747803688049,0.011516914702951908,3.8052496910095215,0.936631441116333
366,0.040054433047771454,1138552.875,0.7671853303909302,0.012505747377872467,4.003516674041748,0.9310308694839478
367,0.04027695581316948,459752.03125,0.7630778551101685,0.011709090322256088,3.8585045337677,0.9354301691055298
368,0.0388493537902832,117185.671875,0.7701184153556824,0.01222240086644888,3.989243268966675,0.9325907230377197
369,0.0396299846470356,411727.125,0.7635937333106995,0.012347201816737652,4.024908065795898,0.9318751096725464
370,0.03652455657720566,149098.390625,0.7670180797576904,0.011378106661140919,3.8309619426727295,0.937276303768158
371,0.0378076396882534,725614.375,0.7793809175491333,0.011500061489641666,3.8555829524993896,0.9366034269332886
372,0.03834471106529236,622940.125,0.7709891200065613,0.011635517701506615,3.906419277191162,0.9357720613479614
373,0.039330486208200455,949010.125,0.7664427161216736,0.012190586887300014,3.98740553855896,0.9326387643814087
374,0.037116166204214096,596199.625,0.7806752324104309,0.011167094111442566,3.7677299976348877,0.9383679628372192
375,0.03649275749921799,367372.09375,0.7811097502708435,0.01117787417024374,3.834224224090576,0.9382405281066895
376,0.03825089707970619,320807.375,0.772732675075531,0.01129742432385683,3.815211057662964,0.9376087784767151
377,0.03810328245162964,449526.375,0.7744126915931702,0.01141099538654089,3.817821741104126,0.9369807839393616
378,0.03738999739289284,419922.21875,0.7802862524986267,0.011523302644491196,3.8101508617401123,0.9364833831787109
379,0.03811101242899895,214716.828125,0.7752243876457214,0.011323637329041958,3.7868404388427734,0.9377259016036987
380,0.03668346256017685,1377600.0,0.781579852104187,0.010671565309166908,3.6918773651123047,0.9413390755653381
381,0.03766178712248802,558423.625,0.7422323822975159,0.010772030800580978,3.712779998779297,0.9407765865325928
382,0.036205217242240906,210208.734375,0.7876613140106201,0.011090212501585484,3.7585256099700928,0.9390074014663696
383,0.03744097426533699,511672.34375,0.7669734954833984,0.011657832190394402,3.8427107334136963,0.9358354806900024
384,0.03720919042825699,140854.28125,0.776698112487793,0.01095051970332861,3.6428799629211426,0.9398358464241028
385,0.0373355858027935,604880.0625,0.7805344462394714,0.011031738482415676,3.6780283451080322,0.9393929839134216
386,0.036135233938694,242618.28125,0.783420205116272,0.010294998995959759,3.550812244415283,0.9434811472892761
387,0.038668666034936905,513623.03125,0.7678325176239014,0.009710554033517838,3.4677929878234863,0.9466909170150757
388,0.035979337990283966,298101.46875,0.7868096232414246,0.010161979123950005,3.5969088077545166,0.9441454410552979
389,0.03713482618331909,868844.125,0.782329261302948,0.010590429417788982,3.682710647583008,0.941697895526886
390,0.036161527037620544,54763.0078125,0.784785807132721,0.010441145859658718,3.646738052368164,0.9425230026245117
391,0.033968180418014526,403395.71875,0.7897644639015198,0.010488364845514297,3.6423728466033936,0.9422866106033325
392,0.03568226099014282,189931.546875,0.7895574569702148,0.010265489108860493,3.5880327224731445,0.9435552954673767
393,0.03579820320010185,801633.5,0.7872740626335144,0.010422125458717346,3.664562940597534,0.9426714777946472
394,0.037347547709941864,672048.125,0.7623948454856873,0.011204786598682404,3.786461353302002,0.9383304715156555
395,0.034391243010759354,62146.55859375,0.7962957620620728,0.010672979056835175,3.677927017211914,0.9412664175033569
396,0.036275241523981094,239858.265625,0.7830615639686584,0.010573542676866055,3.6416118144989014,0.9418277740478516
397,0.03463725745677948,466593.1875,0.7795649766921997,0.011091879568994045,3.6896777153015137,0.9389594197273254
398,0.03399414196610451,322465.03125,0.7951733469963074,0.010065695270895958,3.4621825218200684,0.9446851015090942
399,0.03657900169491768,31599.357421875,0.779230535030365,0.009565742686390877,3.405111312866211,0.9473927021026611
400,0.035613734275102615,807684.625,0.7845467925071716,0.009713738225400448,3.466357707977295,0.9465235471725464
401,0.03616926819086075,656465.8125,0.7811234593391418,0.011026320978999138,3.7183327674865723,0.9392521381378174
402,0.03564270958304405,854956.5625,0.7887042760848999,0.009881221689283848,3.4929933547973633,0.9456005096435547
403,0.03707411512732506,672813.0625,0.780573844909668,0.00939725711941719,3.395871162414551,0.9482290148735046
404,0.035671427845954895,285923.09375,0.7853000164031982,0.009711012244224548,3.4342691898345947,0.9465079307556152
405,0.03533107042312622,387327.59375,0.7907180786132812,0.00993060227483511,3.4748857021331787,0.945319414138794
406,0.035427600145339966,114730.0859375,0.7779814004898071,0.010080588981509209,3.4862608909606934,0.9445675611495972
407,0.03364228457212448,430014.78125,0.7917609810829163,0.009439215995371342,3.3773186206817627,0.9481717944145203
408,0.034841641783714294,870675.75,0.7865744233131409,0.009873983450233936,3.472154140472412,0.9457282423973083
409,0.034634944051504135,221916.078125,0.7815959453582764,0.00950558390468359,3.406777858734131,0.9478006362915039
410,0.03480151668190956,243617.734375,0.7959954142570496,0.009605717845261097,3.4252588748931885,0.9472090601921082
411,0.03410810977220535,144914.484375,0.7951153516769409,0.009411025792360306,3.3532052040100098,0.948333740234375
412,0.03590373322367668,1208771.375,0.7775874733924866,0.00956170167773962,3.372077465057373,0.9475342035293579
413,0.03383331000804901,249227.703125,0.7961599826812744,0.009308029897511005,3.304262399673462,0.9489742517471313
414,0.034905415028333664,503281.75,0.7939671277999878,0.009637288749217987,3.35939884185791,0.947149395942688
415,0.0355914831161499,275232.03125,0.7918170690536499,0.00884066242724657,3.2112605571746826,0.9515363574028015
416,0.03322301432490349,270483.4375,0.8008928894996643,0.009030734188854694,3.2977302074432373,0.9504486918449402
417,0.034003280103206635,427176.375,0.8008826375007629,0.009211857803165913,3.365347385406494,0.9494158625602722
418,0.03456629067659378,259161.1875,0.7975264191627502,0.009026161395013332,3.324272632598877,0.9504870176315308
419,0.03463713079690933,399087.96875,0.7936075925827026,0.008990608155727386,3.295273542404175,0.9506736397743225
420,0.03522530943155289,507848.40625,0.7916272878646851,0.008800518698990345,3.288278341293335,0.9516828656196594
421,0.03645363077521324,590240.0625,0.785213053226471,0.008190040476620197,3.1886324882507324,0.9549891352653503
422,0.03487299755215645,643348.5625,0.7939491868019104,0.008983674459159374,3.3574917316436768,0.9505436420440674
423,0.03341364115476608,447772.9375,0.8055883646011353,0.008301548659801483,3.167017936706543,0.9543139934539795
424,0.03386019915342331,473040.53125,0.77724689245224,0.008936307393014431,3.2787668704986572,0.9507485628128052
425,0.03302666172385216,7.393087863922119,0.7995026111602783,0.00861398596316576,3.1860227584838867,0.9525645971298218
426,0.03312898427248001,200639.890625,0.7956244945526123,0.008187782019376755,3.1180872917175293,0.9549426436424255
427,0.03364977985620499,232024.671875,0.7990396022796631,0.008819679729640484,3.2610833644866943,0.9514179825782776
428,0.034691743552684784,251072.03125,0.7913811802864075,0.009855655021965504,3.41469669342041,0.9457476139068604
429,0.03370191529393196,217692.28125,0.7954119443893433,0.008546305820345879,3.1407785415649414,0.9530799388885498
430,0.03329949453473091,489679.46875,0.8047392964363098,0.008221221156418324,3.1071619987487793,0.9548501968383789
431,0.03420194238424301,322594.65625,0.7971038222312927,0.007746365386992693,3.032846212387085,0.957445502281189
432,0.03351118788123131,848854.5,0.7979225516319275,0.009349844418466091,3.3363308906555176,0.9486005306243896
433,0.03329618275165558,447540.90625,0.7913745045661926,0.00872381404042244,3.192462682723999,0.9520326852798462
434,0.03430928662419319,146212.28125,0.7874224781990051,0.008430751971900463,3.149076461791992,0.9536581039428711
435,0.03223863244056702,457159.28125,0.8025217652320862,0.009151835925877094,3.3289029598236084,0.9496670365333557
436,0.033043380826711655,520183.65625,0.8057441711425781,0.008567038923501968,3.215914726257324,0.9529232382774353
437,0.03465569019317627,1050194.625,0.771553099155426,0.008825178258121014,3.254016399383545,0.951485812664032
438,0.034185416996479034,399296.21875,0.7963119149208069,0.008255313150584698,3.158031940460205,0.9545942544937134
439,0.0323186032474041,484550.3125,0.8097386956214905,0.008226516656577587,3.161147117614746,0.9546775221824646
440,0.03349475935101509,465545.125,0.8016337752342224,0.007572948466986418,3.0281333923339844,0.9582259654998779
441,0.03302956372499466,283651.1875,0.8024400472640991,0.009152759797871113,3.337291955947876,0.9494762420654297
442,0.03322001174092293,531128.3125,0.8034827709197998,0.008752231486141682,3.233832597732544,0.9517518281936646
443,0.03228927031159401,511643.53125,0.8080134987831116,0.008550751022994518,3.1857261657714844,0.9528293609619141
444,0.033655423671007156,640207.625,0.8023558259010315,0.00833105854690075,3.1403160095214844,0.9539744853973389
445,0.032952163368463516,89996.5390625,0.8022288084030151,0.008237644098699093,3.1136388778686523,0.9544814825057983
446,0.03379186615347862,326912.03125,0.7886773347854614,0.008336859755218029,3.1290674209594727,0.9539436101913452
447,0.03176167234778404,77437.71875,0.8047981262207031,0.007793026976287365,3.0399813652038574,0.9570109844207764
448,0.033643580973148346,710141.875,0.792356550693512,0.007817056961357594,3.055602788925171,0.956905722618103
449,0.03295411542057991,181786.15625,0.7966733574867249,0.008015310391783714,3.113128185272217,0.955797016620636
450,0.03191741183400154,352469.34375,0.8064025044441223,0.008760989643633366,3.237417221069336,0.9516490697860718
451,0.03194994851946831,441390.9375,0.785927414894104,0.008068764582276344,3.0700876712799072,0.9554890394210815
452,0.031550824642181396,229960.625,0.8091484904289246,0.00812114030122757,3.1175014972686768,0.9551171064376831
453,0.03232439607381821,451780.1875,0.8077951073646545,0.008100306615233421,3.116319417953491,0.9552061557769775
454,0.031151723116636276,118534.5,0.7984285950660706,0.007072734646499157,2.9026989936828613,0.9608663320541382
455,0.03206508234143257,196715.921875,0.7997750043869019,0.00848870538175106,3.1740729808807373,0.9530364871025085
456,0.03192926570773125,447372.40625,0.8113298416137695,0.00751302158460021,2.9641530513763428,0.9584817886352539
457,0.03297558054327965,240757.296875,0.802827000617981,0.007853695191442966,3.0437564849853516,0.9566390514373779
458,0.03289572894573212,336624.5625,0.8024701476097107,0.008451198227703571,3.1343793869018555,0.9533965587615967
459,0.031193673610687256,216644.171875,0.810452401638031,0.007551329676061869,2.951557159423828,0.9583863019943237
460,0.03093382716178894,277588.0625,0.8118172883987427,0.008257451467216015,3.1110053062438965,0.9544949531555176
461,0.032153837382793427,365582.0625,0.7972932457923889,0.008349161595106125,3.1041388511657715,0.9540387392044067
462,0.030755450949072838,45818.890625,0.8195883631706238,0.007886184379458427,3.0514087677001953,0.9565452337265015
463,0.03150487318634987,246869.078125,0.8152860403060913,0.007663970813155174,3.011626958847046,0.9577329158782959
464,0.030641546472907066,178259.484375,0.8154271245002747,0.00718318996950984,2.932480573654175,0.9603844285011292
465,0.030593469738960266,206399.09375,0.8162844777107239,0.007789416238665581,3.092569351196289,0.9570292234420776
466,0.03189521282911301,38863.7734375,0.8096528649330139,0.008107445202767849,3.136884927749634,0.9553507566452026
467,0.03101339377462864,23041.029296875,0.8173401951789856,0.007686791475862265,3.027531862258911,0.9577388763427734
468,0.03112669102847576,355150.375,0.8085275888442993,0.007315818686038256,2.9226062297821045,0.9598223567008972
469,0.03193425387144089,400650.65625,0.7877180576324463,0.0074522532522678375,2.9552688598632812,0.9590471386909485
470,0.030121132731437683,290189.0625,0.8255109786987305,0.007490366697311401,2.964757204055786,0.9588285684585571
471,0.03176384046673775,233444.40625,0.8084430694580078,0.007083079311996698,2.8713223934173584,0.9611321091651917
472,0.03208009898662567,66554.75,0.8096411228179932,0.0068587022833526134,2.8215172290802,0.9623546004295349
473,0.030654078349471092,520376.3125,0.8180554509162903,0.007315090391784906,2.91103458404541,0.9598380923271179
474,0.03023829683661461,73423.859375,0.8127840757369995,0.007565565872937441,2.9482715129852295,0.9584852457046509
475,0.029874693602323532,263657.0,0.8207575082778931,0.0075067984871566296,2.9239230155944824,0.9587822556495667
476,0.03217782452702522,163989.546875,0.8115456700325012,0.008047697134315968,3.0264604091644287,0.9558310508728027
477,0.031455788761377335,380109.0625,0.8157409429550171,0.008119143545627594,3.020612955093384,0.9554287195205688
478,0.031185612082481384,357088.25,0.8136268258094788,0.007942060939967632,3.020385980606079,0.9563926458358765
479,0.030500004068017006,304620.25,0.8239046335220337,0.0076671261340379715,2.98262095451355,0.9579163789749146
480,0.0305788516998291,215332.9375,0.8151159882545471,0.007522067055106163,2.9669928550720215,0.958701491355896
481,0.029838792979717255,170499.296875,0.8234555125236511,0.0067987218499183655,2.8569517135620117,0.9626010656356812
482,0.028996871784329414,6.914836883544922,0.8178260326385498,0.0078794676810503,3.0597188472747803,0.9567034244537354
483,0.02969173528254032,297662.40625,0.8234970569610596,0.007341702468693256,2.919297695159912,0.9597477912902832
484,0.02857939898967743,6.948884010314941,0.8328260183334351,0.006351621821522713,2.718066453933716,0.9651740789413452
485,0.031032057479023933,362856.8125,0.8050887584686279,0.007053734734654427,2.8540165424346924,0.9613949656486511
486,0.030350590124726295,330711.40625,0.8128525614738464,0.007348324172198772,2.8953094482421875,0.959822952747345
487,0.030230961740016937,116272.5625,0.8124675154685974,0.0070379339158535,2.8306403160095215,0.9615314602851868
488,0.03080187551677227,382348.1875,0.817875325679779,0.007764440029859543,2.98909068107605,0.9575589299201965
489,0.02914494276046753,188244.75,0.8262354731559753,0.00687268003821373,2.8137359619140625,0.9624164700508118
490,0.029631365090608597,36326.6796875,0.8178215622901917,0.007259555160999298,2.898726463317871,0.9602766036987305
491,0.030010022222995758,65904.40625,0.8161090016365051,0.007541168946772814,2.957921028137207,0.9587586522102356
492,0.029660558328032494,49427.140625,0.8213586807250977,0.0070410678163170815,2.835210084915161,0.9615563154220581
493,0.030344316735863686,495441.375,0.8184802532196045,0.006521522533148527,2.753783702850342,0.9643884301185608
494,0.03091832622885704,144987.453125,0.8107718229293823,0.00640022661536932,2.7408676147460938,0.9649912118911743
495,0.0312324371188879,310328.375,0.8117419481277466,0.006745623424649239,2.807828426361084,0.9630582332611084
496,0.02844657003879547,37278.42578125,0.8314447402954102,0.006989534478634596,2.8399224281311035,0.9617170691490173
497,0.030351655557751656,59867.20703125,0.8215166926383972,0.007558065932244062,2.9015822410583496,0.9586649537086487
498,0.029683327302336693,647583.5,0.8279827833175659,0.007045669946819544,2.8135244846343994,0.9614927172660828
499,0.02921270951628685,6.949174880981445,0.8230619430541992,0.005990526173263788,2.642972707748413,0.9672015905380249
500,0.03030451014637947,138798.140625,0.8171234130859375,0.005530616268515587,2.568697214126587,0.969698965549469
501,0.029319260269403458,234270.859375,0.825627863407135,0.0066987937316298485,2.8053033351898193,0.963362455368042
502,0.029942989349365234,505724.75,0.8227007389068604,0.00612590741366148,2.6871755123138428,0.9665167927742004
503,0.03042677417397499,176016.0,0.822380006313324,0.007449390832334757,2.925752878189087,0.9592873454093933
504,0.02848515845835209,226839.421875,0.8284423351287842,0.006474841386079788,2.7203500270843506,0.9646363258361816
505,0.029877834022045135,317181.46875,0.8150793313980103,0.006451270077377558,2.732384204864502,0.9647647738456726
506,0.02927595004439354,724184.625,0.8179197907447815,0.006533716339617968,2.7479050159454346,0.9642471671104431
507,0.029162460938096046,115994.3125,0.8240092992782593,0.006800511386245489,2.7928874492645264,0.9627701044082642
508,0.030327383428812027,139546.28125,0.8126878142356873,0.006826161406934261,2.8133373260498047,0.9626483917236328
509,0.02887219935655594,116359.1953125,0.8317177295684814,0.006257893983274698,2.695551633834839,0.9658296704292297
510,0.029020167887210846,24092.826171875,0.8273308873176575,0.005725190043449402,2.5992422103881836,0.9687289595603943
511,0.028928274288773537,115745.5859375,0.8269557952880859,0.006064532324671745,2.718850612640381,0.9668694734573364
512,0.029051724821329117,227644.578125,0.8300069570541382,0.006011120975017548,2.692725896835327,0.9671014547348022
513,0.028585273772478104,217249.34375,0.8345344066619873,0.006307225674390793,2.742912769317627,0.9654805660247803
514,0.029835186898708344,169585.359375,0.8229767680168152,0.0060868700966238976,2.6536378860473633,0.9667035341262817
515,0.029655035585165024,453138.875,0.8240881562232971,0.006291007623076439,2.6776175498962402,0.9656352996826172
516,0.029504679143428802,100090.34375,0.8159084320068359,0.006790373474359512,2.7667434215545654,0.9629476070404053
517,0.02872822806239128,181528.484375,0.8290197849273682,0.007572859991341829,2.902644395828247,0.9586865901947021
518,0.029173800721764565,493226.34375,0.8314145803451538,0.006797648500651121,2.7322287559509277,0.9629074335098267
519,0.030019700527191162,87638.546875,0.8161715269088745,0.006643584463745356,2.704684019088745,0.9637301564216614
520,0.028248868882656097,363289.625,0.833733320236206,0.006196082103997469,2.617858409881592,0.9661985635757446
521,0.029098253697156906,477880.40625,0.8271874189376831,0.00678845401853323,2.725837230682373,0.9629459381103516
522,0.02824387513101101,568899.5,0.8318904638290405,0.006390836555510759,2.6373860836029053,0.9650853872299194
523,0.02837812900543213,260.68939208984375,0.8333635330200195,0.006329991854727268,2.624008893966675,0.965435266494751
524,0.02833855338394642,147845.921875,0.8291313648223877,0.005950800143182278,2.538339614868164,0.9674960374832153
525,0.028755366802215576,175030.78125,0.8295243978500366,0.005915452726185322,2.5417752265930176,0.9677060842514038
526,0.02711278200149536,119459.796875,0.8402300477027893,0.006245041266083717,2.6030919551849365,0.9659033417701721
527,0.02860788255929947,201174.5625,0.8258489370346069,0.006161853205412626,2.595762014389038,0.9663665294647217
528,0.027913156896829605,333189.625,0.8363301157951355,0.0064216190949082375,2.6745452880859375,0.9649196863174438
529,0.028218764811754227,218533.515625,0.8316744565963745,0.006048007868230343,2.6075282096862793,0.966989278793335
530,0.02938080206513405,545824.9375,0.8210530877113342,0.005373691208660603,2.493198871612549,0.9706946611404419
531,0.027653692290186882,74530.421875,0.8373069763183594,0.005686386022716761,2.567371368408203,0.9689809083938599
532,0.027804985642433167,2293.802978515625,0.8361737132072449,0.006812109611928463,2.786256790161133,0.962814211845398
533,0.02862570621073246,6.824777126312256,0.8295434713363647,0.005600325763225555,2.508836269378662,0.9695008397102356
534,0.028330322355031967,129802.9609375,0.831382155418396,0.006625133100897074,2.7208361625671387,0.9639067649841309
535,0.02702910080552101,36149.14453125,0.8351850509643555,0.006109159905463457,2.572890043258667,0.9667893648147583
536,0.027634715661406517,68906.7109375,0.8375155329704285,0.005750900134444237,2.4962644577026367,0.9687570333480835
537,0.028321629390120506,374540.1875,0.8321864604949951,0.005784009583294392,2.5236966609954834,0.9685772657394409
538,0.027820156887173653,299544.15625,0.838385820388794,0.005851061083376408,2.570133686065674,0.9681630730628967
539,0.027176648378372192,88485.1015625,0.835357666015625,0.006171850021928549,2.6311137676239014,0.966387152671814
540,0.027610180899500847,6.680612564086914,0.8358598351478577,0.006040315609425306,2.5818145275115967,0.9670800566673279
541,0.027416633442044258,394074.6875,0.8356004953384399,0.005204074550420046,2.399461507797241,0.9716038107872009
542,0.027608858421444893,41945.00390625,0.8332156538963318,0.005614874884486198,2.5270543098449707,0.9693900346755981
543,0.02709098905324936,658505.4375,0.8382527232170105,0.005715020000934601,2.543386697769165,0.9688863158226013
544,0.028712395578622818,825709.375,0.8297735452651978,0.005574898328632116,2.5412380695343018,0.969608724117279
545,0.026649732142686844,465888.71875,0.8442932367324829,0.006095327902585268,2.6589319705963135,0.9667409062385559
546,0.027317825704813004,14339.3359375,0.8354922533035278,0.00542111974209547,2.495783567428589,0.970417320728302
547,0.02602527290582657,48132.1171875,0.8435945510864258,0.005790203344076872,2.5920870304107666,0.9684102535247803
548,0.027826782315969467,107191.8515625,0.8313645720481873,0.0063691521063447,2.7032089233398438,0.9652554988861084
549,0.027230769395828247,8533.6923828125,0.8288825750350952,0.005766007583588362,2.531188488006592,0.9686208963394165
550,0.02739274688065052,48421.49609375,0.8406028747558594,0.00561696058139205,2.4929661750793457,0.9694420099258423
551,0.027063263580203056,419503.75,0.8334812521934509,0.0060530370101332664,2.5966596603393555,0.9670368432998657
552,0.025890201330184937,221629.625,0.8453058004379272,0.005874234717339277,2.526803970336914,0.9680105447769165
553,0.026509970426559448,100046.6953125,0.8332377076148987,0.006121148820966482,2.557302474975586,0.9666954278945923
554,0.02792804129421711,1430.2276611328125,0.8361650705337524,0.005744915455579758,2.492187738418579,0.9687986969947815
555,0.027536196634173393,100347.4609375,0.837739109992981,0.005343819968402386,2.4173424243927,0.9710085391998291
556,0.026812661439180374,250834.859375,0.8433751463890076,0.006008866708725691,2.570409059524536,0.9674328565597534
557,0.026918333023786545,55635.62890625,0.8367593288421631,0.005551092326641083,2.4833812713623047,0.9698868989944458
558,0.027010658755898476,263267.8125,0.8418571949005127,0.005833834875375032,2.561840534210205,0.968317985534668
559,0.0271319430321455,127417.859375,0.8351689577102661,0.00550390500575304,2.492584466934204,0.9701163172721863
560,0.02640039287507534,74728.84375,0.8440221548080444,0.00564400851726532,2.5362138748168945,0.9693235754966736
561,0.027101732790470123,162041.390625,0.8386109471321106,0.005637841299176216,2.5106279850006104,0.9693320989608765
562,0.027703499421477318,291769.65625,0.8379614353179932,0.00562695087864995,2.511162281036377,0.9693698883056641
563,0.026196951046586037,137264.8125,0.8457316756248474,0.005965088028460741,2.5842838287353516,0.9675052165985107
564,0.02680719457566738,328210.15625,0.8425217270851135,0.0051349615678191185,2.3822758197784424,0.9720741510391235
565,0.026798725128173828,464861.8125,0.8362083435058594,0.005946792662143707,2.536315441131592,0.9677131175994873
566,0.027028830721974373,457692.375,0.8329616189002991,0.005658430978655815,2.459728479385376,0.9692745804786682
567,0.026180341839790344,46424.015625,0.8444532752037048,0.006377513520419598,2.5917110443115234,0.9654130339622498
568,0.025567026808857918,6.447123050689697,0.8452279567718506,0.0051058195531368256,2.3081655502319336,0.9723466634750366
569,0.025844121351838112,6.5628156661987305,0.8453400731086731,0.005370144732296467,2.3841657638549805,0.9709135293960571
570,0.026105569675564766,6.573706150054932,0.8348670601844788,0.00474080303683877,2.2767975330352783,0.9742670059204102
571,0.025920961052179337,307112.15625,0.8482665419578552,0.005344901233911514,2.4443769454956055,0.9709351062774658
572,0.027672117576003075,88497.5234375,0.8366438150405884,0.00560416653752327,2.477264642715454,0.9695079922676086
573,0.02571297623217106,181202.953125,0.8480862975120544,0.0057397871278226376,2.4868624210357666,0.9687563180923462
574,0.025374501943588257,315281.875,0.8421614766120911,0.005944038741290569,2.508004665374756,0.9675980806350708
575,0.02600717358291149,6.467780590057373,0.8445498943328857,0.005638322792947292,2.423111915588379,0.9693045616149902
576,0.025908498093485832,44954.21484375,0.8469435572624207,0.0052630105055868626,2.3636558055877686,0.9714173078536987
577,0.02533801645040512,2187.09326171875,0.8446471095085144,0.005255259107798338,2.3668129444122314,0.9714934825897217
578,0.02582658641040325,19909.509765625,0.8480018973350525,0.005530016031116247,2.409846782684326,0.9700260758399963
579,0.02554473467171192,74043.6640625,0.8473132848739624,0.00545730534940958,2.3848459720611572,0.9704571962356567
580,0.025565944612026215,73100.515625,0.8489478826522827,0.0052461568266153336,2.332921266555786,0.971670389175415
581,0.025146732106804848,218377.0,0.8513263463973999,0.005769377574324608,2.4940378665924072,0.9687840342521667
582,0.024826018139719963,61861.82421875,0.8543962836265564,0.006060924846678972,2.557011842727661,0.9671850204467773
583,0.024522727355360985,168791.359375,0.8543115854263306,0.005256297066807747,2.375576972961426,0.9715519547462463
584,0.02630646526813507,411172.53125,0.8440568447113037,0.005179868079721928,2.379197359085083,0.9719477891921997
585,0.025332530960440636,78259.0546875,0.8531074523925781,0.005573790054768324,2.460888624191284,0.9698150157928467
586,0.027801737189292908,123101.46875,0.8372058868408203,0.005585840903222561,2.3992502689361572,0.9697551727294922
587,0.023894431069493294,85590.71875,0.8571704626083374,0.005381336435675621,2.3593740463256836,0.9708290100097656
588,0.026557326316833496,6.586252212524414,0.8455240726470947,0.0053030806593596935,2.362058639526367,0.9712039828300476
589,0.025282256305217743,106652.96875,0.8480290174484253,0.005576795898377895,2.419296979904175,0.9697558879852295
590,0.02414821833372116,519423.34375,0.8577795624732971,0.004824947100132704,2.253810405731201,0.9738353490829468
591,0.026704449206590652,399362.15625,0.8410899639129639,0.005010956898331642,2.3424270153045654,0.9727938771247864
592,0.024589896202087402,84415.1015625,0.8537997007369995,0.005027218256145716,2.381948471069336,0.9726454019546509
593,0.026121089234948158,229298.875,0.8434860706329346,0.005115190055221319,2.398106575012207,0.9721497297286987
594,0.025611206889152527,455559.8125,0.8487075567245483,0.005249947775155306,2.401345729827881,0.9714239835739136
595,0.025833001360297203,6.527571201324463,0.8453552722930908,0.005714999046176672,2.47969126701355,0.9689165353775024
596,0.025928547605872154,6.509243965148926,0.8393864035606384,0.005750706419348717,2.469242572784424,0.9687798619270325
597,0.024647781625390053,248719.859375,0.8506423234939575,0.0057830181904137135,2.4666354656219482,0.9686028957366943
598,0.02499161846935749,183225.40625,0.8503761887550354,0.005665191914886236,2.4047129154205322,0.9692813158035278
599,0.025691185146570206,360914.25,0.8377962112426758,0.005057294387370348,2.250518798828125,0.9726157784461975
600,0.02542238123714924,6.447099685668945,0.847449541091919,0.004568835254758596,2.1453518867492676,0.9752625226974487
601,0.024901892989873886,6.4467949867248535,0.8494037389755249,0.004857200663536787,2.235933780670166,0.9736824631690979
602,0.025154519826173782,229382.53125,0.8505251407623291,0.005418531596660614,2.3837640285491943,0.9705882668495178
603,0.024524059146642685,23608.8984375,0.846682608127594,0.005473261699080467,2.4108493328094482,0.9702482223510742
604,0.025480644777417183,6.468649387359619,0.8496842980384827,0.004619351122528315,2.1978070735931396,0.9748571515083313
605,0.0248557161539793,258999.890625,0.8534585237503052,0.004837751388549805,2.2346882820129395,0.9736627340316772
606,0.024150414392352104,279234.5625,0.8549553155899048,0.005025843624025583,2.2616117000579834,0.9726575613021851
607,0.025252755731344223,291576.625,0.8527064919471741,0.0053107053972780704,2.3118491172790527,0.9711230397224426
608,0.02508690394461155,277768.875,0.8522919416427612,0.005400379188358784,2.330801010131836,0.9706207513809204
609,0.024180179461836815,177534.34375,0.8557060956954956,0.004834200255572796,2.261326551437378,0.9736887812614441
610,0.024978643283247948,75264.390625,0.8510959148406982,0.005054461769759655,2.328216552734375,0.972453773021698
611,0.024801041930913925,281065.78125,0.8522412776947021,0.005561348982155323,2.435642957687378,0.9696597456932068
612,0.0247650146484375,6.328298568725586,0.8512265086174011,0.004555590450763702,2.216118097305298,0.9751619100570679
613,0.025101104751229286,6.406035423278809,0.8523310422897339,0.005568678956478834,2.42594575881958,0.9696663022041321
614,0.025131650269031525,161796.015625,0.85239577293396,0.00525478133931756,2.33544659614563,0.9714404344558716
615,0.024724123999476433,97571.171875,0.8528811931610107,0.005048662424087524,2.30704927444458,0.9725341796875
616,0.025058142840862274,6.4741106033325195,0.852025032043457,0.0049818167462944984,2.303844451904297,0.9728259444236755
617,0.02512728050351143,6.4464216232299805,0.839171290397644,0.004988649394363165,2.3206920623779297,0.9727721214294434
618,0.025127092376351357,278226.46875,0.8520134687423706,0.004228970967233181,2.1728036403656006,0.9768690466880798
619,0.024628471583127975,140593.203125,0.8514336943626404,0.004778851754963398,2.302922487258911,0.9738630652427673
620,0.023122426122426987,73559.46875,0.8595008254051208,0.004928894806653261,2.318737745285034,0.9730315208435059
621,0.023888764902949333,6.29517126083374,0.8580807447433472,0.005281564313918352,2.3768491744995117,0.9711176156997681
622,0.02412457764148712,58110.84765625,0.8547649383544922,0.0050099557265639305,2.2896203994750977,0.9725867509841919
623,0.023987319320440292,91197.6484375,0.8450419902801514,0.005098641384392977,2.2949280738830566,0.9721482992172241
624,0.025082619860768318,103328.578125,0.8490342497825623,0.005156314466148615,2.2926619052886963,0.9718560576438904
625,0.024230724200606346,30946.509765625,0.8534873127937317,0.004779990762472153,2.205159902572632,0.9739102721214294
626,0.02348644845187664,187109.953125,0.8641366362571716,0.004568913951516151,2.1840147972106934,0.9750555753707886
627,0.023085942491889,243165.234375,0.8639017939567566,0.004777166992425919,2.2542152404785156,0.9739055633544922
628,0.023550914600491524,99063.5234375,0.8595643639564514,0.004346698522567749,2.157015800476074,0.9762619733810425
629,0.023870250210165977,8530.7685546875,0.8583922982215881,0.004317556042224169,2.1665823459625244,0.9764132499694824
630,0.02303258143365383,161576.734375,0.8608959913253784,0.004776665009558201,2.2643635272979736,0.9739656448364258
631,0.023250730708241463,8528.4892578125,0.8659225106239319,0.0042410544119775295,2.147972583770752,0.9768823385238647
632,0.023526562377810478,44712.4921875,0.8576229810714722,0.0050806100480258465,2.3305916786193848,0.9722870588302612
633,0.02314782701432705,6.112144947052002,0.8621988892555237,0.005378942936658859,2.3180739879608154,0.9707255959510803
634,0.022647522389888763,61497.3359375,0.8666447997093201,0.005205838475376368,2.2712628841400146,0.9717066287994385
635,0.024125253781676292,169506.765625,0.8507608771324158,0.005184161011129618,2.291978359222412,0.9718279838562012
636,0.02338244952261448,6.1962690353393555,0.8617957830429077,0.004921135492622852,2.252880334854126,0.9732818007469177
637,0.023549295961856842,33818.28515625,0.8374338746070862,0.004427535459399223,2.136989116668701,0.9759983420372009
638,0.02295789122581482,6.185927867889404,0.8657023310661316,0.0040909769013524055,2.090630531311035,0.9778143167495728
639,0.023226598277688026,176856.1875,0.8643013834953308,0.004732257686555386,2.242141008377075,0.9743027687072754
640,0.023228971287608147,6.208034038543701,0.8616855144500732,0.004624591674655676,2.2130908966064453,0.9748930931091309
641,0.023254146799445152,193277.75,0.8600788116455078,0.005203680135309696,2.353729724884033,0.9716949462890625
642,0.02308196760714054,315565.4375,0.858516275882721,0.004557185806334019,2.1661970615386963,0.9752315878868103
643,0.022611746564507484,6.101694107055664,0.8636687397956848,0.004120900295674801,2.0604355335235596,0.9776433706283569
644,0.022494716569781303,271189.1875,0.8624219298362732,0.005008968058973551,2.2772436141967773,0.9728319644927979
645,0.02279660478234291,6.100500106811523,0.8604854345321655,0.004751025233417749,2.2390382289886475,0.9742069840431213
646,0.023106852546334267,6.030283451080322,0.8542546033859253,0.004858103115111589,2.249032974243164,0.9736149311065674
647,0.022684292867779732,89926.5390625,0.8621745705604553,0.005179538391530514,2.271561861038208,0.9718449711799622
648,0.02172909304499626,232303.84375,0.8683937788009644,0.004368951544165611,2.1169328689575195,0.9762651324272156
649,0.021725691854953766,326264.40625,0.8704885244369507,0.0043262154795229435,2.140329122543335,0.9764487743377686
650,0.02385564148426056,73061.6640625,0.8577800393104553,0.005229233764111996,2.334968090057373,0.9714747667312622
651,0.022924264892935753,6.065220832824707,0.8651949763298035,0.005191470496356487,2.2812960147857666,0.9717472195625305
652,0.022422607988119125,12103.6884765625,0.8689194917678833,0.004806858487427235,2.18635892868042,0.9738780856132507
653,0.021809173747897148,5.985538482666016,0.8700636625289917,0.005110152531415224,2.245830535888672,0.9722214937210083
654,0.023579519242048264,311996.71875,0.8591555953025818,0.004736642353236675,2.18489146232605,0.9742388129234314
655,0.022425862029194832,129277.734375,0.8672868013381958,0.004610752686858177,2.1323158740997314,0.974940299987793
656,0.02233373560011387,7552.9208984375,0.8647042512893677,0.004592635203152895,2.141798496246338,0.9749760627746582
657,0.023516247048974037,6.125660419464111,0.8598747253417969,0.004696567542850971,2.118807792663574,0.9744284152984619
658,0.02105424366891384,104491.71875,0.8694563508033752,0.004756319802254438,2.1385889053344727,0.9741007089614868
659,0.02347593382000923,276353.09375,0.8623543381690979,0.0045179096050560474,2.1036593914031982,0.9753998517990112
660,0.021796133369207382,5.963994026184082,0.8686346411705017,0.004820689093321562,2.1702065467834473,0.9737672805786133
661,0.021773960441350937,5.9666242599487305,0.869002640247345,0.004716855473816395,2.1363742351531982,0.974359393119812
662,0.02356656640768051,353789.875,0.8624563813209534,0.004742138087749481,2.14050555229187,0.9742157459259033
663,0.022647660225629807,43864.484375,0.8642850518226624,0.003844232764095068,1.9445154666900635,0.979112446308136
664,0.02216358482837677,5857.84130859375,0.8685051202774048,0.00462832348421216,2.1456918716430664,0.9748108386993408
665,0.022349506616592407,92765.25,0.8668745756149292,0.004567017313092947,2.120927572250366,0.9751637578010559
666,0.022456901147961617,30554.875,0.8666951060295105,0.004256219603121281,2.042064905166626,0.9768957495689392
667,0.023364609107375145,32085.25,0.8621523380279541,0.004318872932344675,2.07418155670166,0.9765434265136719
668,0.021605977788567543,309257.625,0.8745242357254028,0.004629882518202066,2.1904704570770264,0.9748481512069702
669,0.022060737013816833,311929.5,0.8662309050559998,0.0041673933155834675,2.0755858421325684,0.9773796796798706
670,0.02099955640733242,155960.421875,0.8733327388763428,0.003827790031209588,2.0102193355560303,0.9792147874832153
671,0.02144780568778515,167453.765625,0.8721967339515686,0.004274263046681881,2.156811237335205,0.9767444729804993
672,0.022265473380684853,6.002326011657715,0.8638140559196472,0.0043775965459644794,2.1333558559417725,0.9762040376663208
673,0.02079637162387371,5.862898826599121,0.8761683702468872,0.004533237311989069,2.137056589126587,0.9753756523132324
674,0.02162756770849228,5.93356990814209,0.8696531057357788,0.004159026779234409,2.036931276321411,0.9774256944656372
675,0.022220415994524956,6.048774242401123,0.8697811961174011,0.004635218996554613,2.141277551651001,0.9748618602752686
676,0.022571749985218048,6.0371012687683105,0.8641281127929688,0.003976323176175356,2.0183827877044678,0.9784340858459473
677,0.0208879541605711,143627.078125,0.8672609329223633,0.0037545962259173393,1.9997042417526245,0.9796333312988281
678,0.021028202027082443,5.823856353759766,0.8737227916717529,0.004700452089309692,2.2426974773406982,0.9744678735733032
679,0.02238372154533863,6.089877128601074,0.8710165619850159,0.004970599431544542,2.257389783859253,0.9729891419410706
680,0.02163027785718441,5.918114185333252,0.871296226978302,0.004655496682971716,2.164651870727539,0.9746954441070557
681,0.02167769894003868,114534.5390625,0.8717690110206604,0.004370983224362135,2.1250314712524414,0.976231575012207
682,0.021624894812703133,6643.0390625,0.8685125708580017,0.004220769740641117,2.1022326946258545,0.9770589470863342
683,0.022928785532712936,16684.857421875,0.8638991713523865,0.0041725835762917995,2.0761990547180176,0.9773444533348083
684,0.021611254662275314,5.993361473083496,0.8727683424949646,0.004324078559875488,2.1212785243988037,0.9764465689659119
685,0.021293770521879196,1351.7763671875,0.8758277297019958,0.003920267801731825,2.0038623809814453,0.9786673784255981
686,0.02153303287923336,79277.96875,0.8725818395614624,0.0040701692923903465,2.0308897495269775,0.9778610467910767
687,0.02037784643471241,5.89325475692749,0.8773502111434937,0.0038206155877560377,1.972364068031311,0.9792369604110718
688,0.021450337022542953,108922.7109375,0.866473913192749,0.004160821437835693,2.0675082206726074,0.9773845076560974
689,0.02102353237569332,5.8512139320373535,0.8747803568840027,0.004160957410931587,2.0756330490112305,0.9773693084716797
690,0.021545669063925743,26502.474609375,0.8653958439826965,0.004358247388154268,2.144604444503784,0.9762839674949646
691,0.021653806790709496,131889.75,0.8679561018943787,0.003789965296164155,2.0227255821228027,0.9793835878372192
692,0.021530669182538986,5.972780227661133,0.8731759190559387,0.003983579576015472,2.0438480377197266,0.9783434271812439
693,0.021295202895998955,224248.046875,0.8731623888015747,0.004915162455290556,2.255171775817871,0.9732198715209961
694,0.021230164915323257,5.893118381500244,0.872577428817749,0.00426116306334734,2.075066328048706,0.9768151044845581
695,0.0198507159948349,5.7732157707214355,0.8812699913978577,0.003874540328979492,1.981266975402832,0.978917121887207
696,0.022592470049858093,501262.8125,0.8640848994255066,0.003971297759562731,2.0511314868927,0.9783671498298645
697,0.02121943049132824,75566.375,0.8735714554786682,0.004155443049967289,2.10520076751709,0.9773533940315247
698,0.02137911505997181,106285.984375,0.8771339058876038,0.00406999047845602,2.074709177017212,0.9778296947479248
699,0.020765958353877068,5.829826831817627,0.8725486397743225,0.0036348740104585886,1.9924936294555664,0.9802024960517883
700,0.020384488627314568,5.742576599121094,0.87996906042099,0.0038814295548945665,2.0533647537231445,0.9788318872451782
701,0.021063286811113358,45972.38671875,0.8725306391716003,0.004336217418313026,2.142401933670044,0.9763293266296387
702,0.02095004729926586,80331.390625,0.8762986063957214,0.0037273650523275137,1.9904049634933472,0.9796590209007263
703,0.022104930132627487,78497.5859375,0.8604336977005005,0.004023711197078228,2.0510661602020264,0.9780470728874207
704,0.021174883469939232,5.831028938293457,0.8730294108390808,0.004008326679468155,2.0185799598693848,0.9782050848007202
705,0.020016198977828026,148711.8125,0.8789389729499817,0.004443448036909103,2.0825676918029785,0.9758791327476501
706,0.021067066118121147,355842.71875,0.8773895502090454,0.004542811308056116,2.083791732788086,0.9753695130348206
707,0.021658778190612793,324621.875,0.8710747361183167,0.0038666303735226393,1.9216506481170654,0.9790233373641968
708,0.020520590245723724,5.8939900398254395,0.8776440024375916,0.003962796181440353,1.9575374126434326,0.978500485420227
709,0.021300479769706726,11691.3232421875,0.8698969483375549,0.004845396149903536,2.180926561355591,0.9736275672912598
710,0.02102658525109291,141231.421875,0.873712956905365,0.004114976618438959,2.0158114433288574,0.9775837063789368
711,0.020195864140987396,51403.1953125,0.8790531754493713,0.004428473301231861,2.102973461151123,0.9758637547492981
712,0.02154349349439144,54185.3671875,0.871273398399353,0.004122912418097258,2.036773681640625,0.9775480031967163
713,0.02168869413435459,5.879510879516602,0.868830680847168,0.004135280381888151,2.0192275047302246,0.9775272607803345
714,0.02032041922211647,138421.421875,0.8761687874794006,0.004191320389509201,2.0278000831604004,0.9772495031356812
715,0.02040114253759384,5.813401222229004,0.8803565502166748,0.0040656463243067265,1.9806065559387207,0.977952241897583
716,0.020442785695195198,171141.515625,0.8805553913116455,0.004016750492155552,1.9790537357330322,0.9782201647758484
717,0.02044408582150936,5.792175769805908,0.8757889866828918,0.003915709909051657,1.9607210159301758,0.978733241558075
718,0.02184344455599785,174304.453125,0.8711388111114502,0.004009685479104519,2.033737897872925,0.9781256318092346
719,0.020398298278450966,5.771519184112549,0.8780181407928467,0.004495984874665737,2.107236623764038,0.9755142331123352
720,0.019863871857523918,48232.99609375,0.878677487373352,0.0039057305548340082,1.9203661680221558,0.978786289691925
721,0.02086426317691803,66819.75,0.8756047487258911,0.003781195729970932,1.941804051399231,0.9794023036956787
722,0.020011039450764656,5.728003025054932,0.8825415968894958,0.004320186097174883,2.0821220874786377,0.9763921499252319
723,0.019996637478470802,34664.56640625,0.8805003762245178,0.003966631833463907,2.0240609645843506,0.9783138036727905
724,0.02057189866900444,42807.3046875,0.8766716718673706,0.0036741227377206087,1.9878265857696533,0.9799125790596008
725,0.021088624373078346,124001.7109375,0.8733149170875549,0.004312547389417887,2.0948238372802734,0.9764237999916077
726,0.021116778254508972,346068.96875,0.8743842840194702,0.004613805562257767,2.0959367752075195,0.9748339653015137
727,0.02071005292236805,5.836610317230225,0.8740192651748657,0.004092768300324678,1.941339373588562,0.9776939153671265
728,0.019943976774811745,126836.2890625,0.8810176253318787,0.0038438087794929743,1.946013331413269,0.9789966940879822
729,0.02028881572186947,15368.7353515625,0.8770996332168579,0.0035241555888205767,1.8912891149520874,0.9807116389274597
730,0.020152539014816284,2311.2841796875,0.8811883926391602,0.003519129939377308,1.8895599842071533,0.9807509779930115
731,0.020757785066962242,99414.484375,0.8740566968917847,0.003959778230637312,2.0231568813323975,0.9782944321632385
732,0.01975255087018013,227202.625,0.8826303482055664,0.004987522028386593,2.2619664669036865,0.9725824594497681
733,0.020146550610661507,150497.984375,0.8767881989479065,0.004304926842451096,2.0611934661865234,0.9763866662979126
734,0.020729420706629753,5.713799476623535,0.8742755055427551,0.004172616638243198,2.0291357040405273,0.9771645665168762
735,0.02037127874791622,271800.90625,0.8751870393753052,0.003990575671195984,2.0014488697052,0.9781869649887085
736,0.019876252859830856,5.715150356292725,0.8845862150192261,0.0042275008745491505,2.015403985977173,0.9769540429115295
737,0.020516276359558105,145039.421875,0.8752859830856323,0.0041824267245829105,2.0176384449005127,0.9772075414657593
738,0.019836999475955963,5.714108467102051,0.8721051812171936,0.004126147832721472,2.000610828399658,0.9775242209434509
739,0.020182054489850998,5.696381568908691,0.8796205520629883,0.0037700417451560497,1.9451221227645874,0.9794556498527527
740,0.019860992208123207,105704.2265625,0.8828356862068176,0.003674361389130354,1.933069109916687,0.9800010323524475
741,0.01993522047996521,5.648443698883057,0.8789206147193909,0.004039175808429718,2.0042507648468018,0.9780062437057495
742,0.019085735082626343,5.613620758056641,0.885466456413269,0.004381848499178886,2.033324718475342,0.9761360883712769
743,0.019259829074144363,5.602661609649658,0.8832209706306458,0.004202221054583788,1.9963420629501343,0.9770822525024414
744,0.019989505410194397,5.7360382080078125,0.8824439644813538,0.003638939931988716,1.9287039041519165,0.9801391959190369
745,0.019458774477243423,145051.375,0.8864418864250183,0.004130128305405378,2.0879368782043457,0.9773998260498047
746,0.020774047821760178,160774.3125,0.8720738291740417,0.004324436653405428,2.064088821411133,0.9763565063476562
747,0.020167650654911995,5.651855945587158,0.8817898631095886,0.004284823313355446,2.044912815093994,0.9765563607215881
748,0.019038721919059753,5.612059116363525,0.8854876756668091,0.003901583608239889,2.0005152225494385,0.9786739349365234
749,0.019203050062060356,5.604201793670654,0.8852887749671936,0.004017496481537819,2.0428216457366943,0.9780318140983582
